Image,Total Pixels,Tumor Area,Tumor Ratio (%)
IMG000001.jpeg,7701561,294935.5,3.83
IMG000002.jpeg,4972480,131048.0,2.64
IMG000003.jpeg,6900832,120810.0,1.75
IMG000004.jpeg,7214337,90993.0,1.26
IMG000005.jpeg,7017152,88553.5,1.26
IMG000006.jpeg,5627824,806443.0,14.33
IMG000007.jpeg,5172384,592043.5,11.45
IMG000008.jpeg,2650000,61068.0,2.3
IMG000009.jpeg,3085000,49333.5,1.6
IMG000010.jpeg,4866640,131056.0,2.69
IMG000011.jpeg,11314560,304562.5,2.69
IMG000012.jpeg,9542400,270520.0,2.83
IMG000013.jpeg,11314560,181660.0,1.61
IMG000014.jpeg,9561600,154553.5,1.62
IMG000015.jpeg,6867120,161119.5,2.35
IMG000016.jpeg,7351056,119959.0,1.63
IMG000017.jpeg,6231184,286722.5,4.6
IMG000018.jpeg,6524560,399693.0,6.13
IMG000019.jpeg,5806400,204845.5,3.53
IMG000020.jpeg,6820992,251415.5,3.69
IMG000021.jpeg,5928640,236148.5,3.98
IMG000022.jpeg,5962256,328620.5,5.51
IMG000023.jpeg,5265488,227162.5,4.31
IMG000024.jpeg,7774464,497635.5,6.4
IMG000025.jpeg,7774464,272260.5,3.5
IMG000026.jpeg,7774464,256903.5,3.3
IMG000027.jpeg,7774464,282531.5,3.63
IMG000028.jpeg,7774464,262391.0,3.38
IMG000029.jpeg,7774464,240541.0,3.09
IMG000030.jpeg,7774464,120291.5,1.55
IMG000031.jpeg,7774464,135834.0,1.75
IMG000032.jpeg,7774464,189070.5,2.43
IMG000033.jpeg,4977234,74387.0,1.49
IMG000034.jpeg,5507328,67811.5,1.23
IMG000035.jpeg,497965,36663.0,7.36
IMG000036.jpeg,662587,23972.0,3.62
IMG000037.jpeg,591379,8165.0,1.38
IMG000038.jpeg,547242,12611.0,2.3
IMG000039.jpeg,755480,20442.0,2.71
IMG000040.jpeg,449631,16353.0,3.64
IMG000041.jpeg,496335,23559.5,4.75
IMG000042.jpeg,490456,5140.0,1.05
IMG000043.jpeg,491656,4156.0,0.85
IMG000044.jpeg,411575,7512.5,1.83
IMG000045.jpeg,420838,8199.5,1.95
IMG000046.jpeg,368095,6376.5,1.73
IMG000047.jpeg,377454,5152.5,1.37
IMG000048.jpeg,471144,10792.5,2.29
IMG000049.jpeg,517680,9067.5,1.75
IMG000050.jpeg,744604,80265.5,10.78
IMG000051.jpeg,662595,9759.5,1.47
IMG000052.jpeg,407313,7848.5,1.93
IMG000053.jpeg,513450,49907.0,9.72
IMG000054.jpeg,512448,51857.0,10.12
IMG000055.jpeg,556240,14876.5,2.67
IMG000056.jpeg,590570,19912.5,3.37
IMG000057.jpeg,435210,7875.5,1.81
IMG000058.jpeg,414630,7380.5,1.78
IMG000059.jpeg,465962,16725.5,3.59
IMG000060.jpeg,464520,20275.5,4.36
IMG000061.jpeg,376376,2869.0,0.76
IMG000062.jpeg,368235,4146.0,1.13
IMG000063.jpeg,379204,9595.5,2.53
IMG000064.jpeg,391053,8681.5,2.22
IMG000065.jpeg,329132,3657.5,1.11
IMG000066.jpeg,387204,5364.0,1.39
IMG000067.jpeg,293352,7449.0,2.54
IMG000068.jpeg,301796,11243.5,3.73
IMG000069.jpeg,452328,3171.0,0.7
IMG000070.jpeg,410464,6250.5,1.52
IMG000071.jpeg,722890,44710.5,6.18
IMG000072.jpeg,444428,11749.5,2.64
IMG000073.jpeg,488784,8927.0,1.83
IMG000074.jpeg,401139,14841.5,3.7
IMG000075.jpeg,462944,19765.0,4.27
IMG000076.jpeg,405687,15938.0,3.93
IMG000077.jpeg,598660,6725.0,1.12
IMG000078.jpeg,331690,19342.5,5.83
IMG000079.jpeg,351216,11427.5,3.25
IMG000080.jpeg,594090,6702.5,1.13
IMG000081.jpeg,457215,14312.5,3.13
IMG000082.jpeg,480624,15032.0,3.13
IMG000083.jpeg,384888,28687.0,7.45
IMG000084.jpeg,506540,37545.5,7.41
IMG000085.jpeg,533336,82517.0,15.47
IMG000086.jpeg,565964,33323.0,5.89
IMG000087.jpeg,436046,31986.0,7.34
IMG000088.jpeg,467602,40757.5,8.72
IMG000089.jpeg,571083,49120.0,8.6
IMG000090.jpeg,551661,38303.5,6.94
IMG000091.jpeg,404736,16982.5,4.2
IMG000092.jpeg,413004,16485.0,3.99
IMG000093.jpeg,333245,20228.5,6.07
IMG000094.jpeg,362070,23130.0,6.39
IMG000095.jpeg,431420,18657.5,4.32
IMG000096.jpeg,497952,14356.0,2.88
IMG000097.jpeg,406049,17778.5,4.38
IMG000098.jpeg,546865,11679.0,2.14
IMG000099.jpeg,219520,8677.5,3.95
IMG000100.jpeg,452880,12622.5,2.79
IMG000101.jpeg,345303,23973.5,6.94
IMG000102.jpeg,411060,23021.5,5.6
IMG000103.jpeg,399091,18312.5,4.59
IMG000104.jpeg,400670,19058.5,4.76
IMG000105.jpeg,455906,18958.5,4.16
IMG000106.jpeg,394400,9967.0,2.53
IMG000107.jpeg,385700,8668.0,2.25
IMG000108.jpeg,466014,9151.5,1.96
IMG000109.jpeg,496496,6671.0,1.34
IMG000110.jpeg,278768,19387.5,6.95
IMG000111.jpeg,490239,18581.0,3.79
IMG000112.jpeg,491244,1817.5,0.37
IMG000113.jpeg,629262,3362.0,0.53
IMG000114.jpeg,834736,9816.0,1.18
IMG000115.jpeg,407124,3296.0,0.81
IMG000116.jpeg,316758,3904.0,1.23
IMG000117.jpeg,303012,8696.5,2.87
IMG000118.jpeg,487411,13707.5,2.81
IMG000119.jpeg,405055,11919.5,2.94
IMG000120.jpeg,396090,4577.5,1.16
IMG000121.jpeg,448483,5689.0,1.27
IMG000122.jpeg,421872,4958.5,1.18
IMG000123.jpeg,504680,96855.5,19.19
IMG000124.jpeg,527260,90127.5,17.09
IMG000125.jpeg,522415,11930.0,2.28
IMG000126.jpeg,467400,18994.0,4.06
IMG000127.jpeg,459154,16970.5,3.7
IMG000128.jpeg,509020,31807.5,6.25
IMG000129.jpeg,494910,9845.0,1.99
IMG000130.jpeg,529100,11610.5,2.19
IMG000131.jpeg,409200,34184.0,8.35
IMG000132.jpeg,476311,37957.0,7.97
IMG000133.jpeg,660154,20185.5,3.06
IMG000134.jpeg,613695,37629.0,6.13
IMG000135.jpeg,418608,29463.5,7.04
IMG000136.jpeg,420755,34458.0,8.19
IMG000137.jpeg,372895,8463.0,2.27
IMG000138.jpeg,440363,9944.0,2.26
IMG000139.jpeg,617220,23240.0,3.77
IMG000140.jpeg,604580,22597.5,3.74
IMG000141.jpeg,349222,5590.5,1.6
IMG000142.jpeg,517667,25611.0,4.95
IMG000143.jpeg,432960,27252.5,6.29
IMG000144.jpeg,665852,9710.0,1.46
IMG000145.jpeg,899805,64018.5,7.11
IMG000146.jpeg,401136,18161.0,4.53
IMG000147.jpeg,429450,15783.0,3.68
IMG000148.jpeg,367428,25416.5,6.92
IMG000149.jpeg,1033122,53101.5,5.14
IMG000150.jpeg,347010,39514.5,11.39
IMG000151.jpeg,762210,18825.5,2.47
IMG000152.jpeg,747742,57987.0,7.75
IMG000153.jpeg,459610,7431.0,1.62
IMG000154.jpeg,467832,9329.5,1.99
IMG000155.jpeg,451536,9797.0,2.17
IMG000156.jpeg,420042,13087.5,3.12
IMG000157.jpeg,437630,10310.5,2.36
IMG000158.jpeg,369556,14693.5,3.98
IMG000159.jpeg,449036,19136.0,4.26
IMG000160.jpeg,489600,20887.0,4.27
IMG000161.jpeg,824976,17227.0,2.09
IMG000162.jpeg,395115,13071.5,3.31
IMG000163.jpeg,418170,10880.5,2.6
IMG000164.jpeg,397879,18812.5,4.73
IMG000165.jpeg,433010,18056.0,4.17
IMG000166.jpeg,371826,19236.5,5.17
IMG000167.jpeg,456400,19744.5,4.33
IMG000168.jpeg,466580,31515.5,6.75
IMG000169.jpeg,468540,1175.5,0.25
IMG000170.jpeg,412644,24547.0,5.95
IMG000171.jpeg,440100,31398.0,7.13
IMG000172.jpeg,235520,1666.0,0.71
IMG000173.jpeg,470350,1792.5,0.38
IMG000174.jpeg,691704,9891.5,1.43
IMG000175.jpeg,283846,8881.5,3.13
IMG000176.jpeg,257262,7149.5,2.78
IMG000177.jpeg,309342,8003.0,2.59
IMG000178.jpeg,435130,8922.5,2.05
IMG000179.jpeg,622660,50073.5,8.04
IMG000180.jpeg,414491,10131.0,2.44
IMG000181.jpeg,479562,12988.5,2.71
IMG000182.jpeg,357390,20585.5,5.76
IMG000183.jpeg,350658,18354.5,5.23
IMG000184.jpeg,390689,19983.0,5.11
IMG000185.jpeg,511064,36579.0,7.16
IMG000186.jpeg,477696,34135.0,7.15
IMG000187.jpeg,506987,13859.0,2.73
IMG000188.jpeg,511836,7281.5,1.42
IMG000189.jpeg,553938,6254.0,1.13
IMG000190.jpeg,506390,6017.0,1.19
IMG000191.jpeg,353430,7140.0,2.02
IMG000192.jpeg,324018,5392.0,1.66
IMG000193.jpeg,295295,8717.5,2.95
IMG000194.jpeg,408388,5278.5,1.29
IMG000195.jpeg,418966,3855.5,0.92
IMG000196.jpeg,430776,4113.0,0.95
IMG000197.jpeg,668457,6715.5,1.0
IMG000198.jpeg,433755,5293.0,1.22
IMG000199.jpeg,436386,6646.5,1.52
IMG000200.jpeg,400374,9164.5,2.29
IMG000201.jpeg,464035,9845.5,2.12
IMG000202.jpeg,663831,16395.0,2.47
IMG000203.jpeg,482202,4616.5,0.96
IMG000204.jpeg,436620,3655.5,0.84
IMG000205.jpeg,449096,9725.0,2.17
IMG000206.jpeg,515262,26717.0,5.19
IMG000207.jpeg,482752,28281.5,5.86
IMG000208.jpeg,3704610,293190.5,7.91
IMG000209.jpeg,3704610,146559.0,3.96
IMG000210.jpeg,2346624,9159.5,0.39
IMG000211.jpeg,2346624,13637.5,0.58
IMG000212.jpeg,8797156,39032.0,0.44
IMG000213.jpeg,8916196,44220.5,0.5
IMG000214.jpeg,3704610,680120.0,18.36
IMG000215.jpeg,3909706,577909.0,14.78
IMG000216.jpeg,4529220,545125.0,12.04
IMG000217.jpeg,3931208,173570.0,4.42
IMG000218.jpeg,3868280,159935.5,4.13
IMG000219.jpeg,4024800,167615.0,4.16
IMG000220.jpeg,2770950,17087.0,0.62
IMG000221.jpeg,2770950,36885.5,1.33
IMG000222.jpeg,4115133,125255.0,3.04
IMG000223.jpeg,8003241,107269.0,1.34
IMG000224.jpeg,4788784,92576.5,1.93
IMG000225.jpeg,2394885,72645.0,3.03
IMG000226.jpeg,4732344,113587.5,2.4
IMG000227.jpeg,4732344,110512.5,2.34
IMG000228.jpeg,5437050,32844.5,0.6
IMG000229.jpeg,2441368,29088.5,1.19
IMG000230.jpeg,6557004,96560.0,1.47
IMG000231.jpeg,4805700,31227.5,0.65
IMG000232.jpeg,3698618,175467.0,4.74
IMG000233.jpeg,3131802,145241.0,4.64
IMG000234.jpeg,7774464,76254.5,0.98
IMG000235.jpeg,7774464,81565.0,1.05
IMG000236.jpeg,3875040,9789.0,0.25
IMG000237.jpeg,3640273,18909.5,0.52
IMG000238.jpeg,7774464,18003.5,0.23
IMG000239.jpeg,7774464,14800.5,0.19
IMG000240.jpeg,7774464,34367.0,0.44
IMG000241.jpeg,7774464,52570.5,0.68
IMG000242.jpeg,7774464,126188.5,1.62
IMG000243.jpeg,7774464,143008.0,1.84
IMG000244.jpeg,2742080,1442.5,0.05
IMG000245.jpeg,7353834,73920.0,1.01
IMG000246.jpeg,3246031,14922.5,0.46
IMG000247.jpeg,7103976,669246.5,9.42
IMG000248.jpeg,6484146,706098.0,10.89
IMG000249.jpeg,4720494,646085.0,13.69
IMG000250.jpeg,3726960,812.0,0.02
IMG000251.jpeg,5611212,13705.0,0.24
IMG000252.jpeg,4731060,11811.0,0.25
IMG000253.jpeg,637518,2202.0,0.35
IMG000254.jpeg,4519008,1512.0,0.03
IMG000255.jpeg,6192522,16958.0,0.27
IMG000256.jpeg,5667200,18663.5,0.33
IMG000257.jpeg,3333996,17524.5,0.53
IMG000258.jpeg,9982351,15541.0,0.16
IMG000259.jpeg,951594,13420.5,1.41
IMG000260.jpeg,613085,3468.5,0.57
IMG000261.jpeg,1311382,2492.0,0.19
IMG000262.jpeg,4296180,989.0,0.02
IMG000263.jpeg,4025900,3009.5,0.07
IMG000264.jpeg,3558660,4739.5,0.13
IMG000265.jpeg,8121264,24608.0,0.3
IMG000266.jpeg,4665028,11256.0,0.24
IMG000267.jpeg,6207530,8383.5,0.14
IMG000268.jpeg,5158500,6595.0,0.13
IMG000269.jpeg,5667504,17114.0,0.3
IMG000270.jpeg,5991264,13635.5,0.23
IMG000271.jpeg,3030827,2046.5,0.07
IMG000272.jpeg,5204016,53131.0,1.02
IMG000273.jpeg,5749296,80778.0,1.41
IMG000274.jpeg,1976000,2304.5,0.12
IMG000275.jpeg,1317543,2203.0,0.17
IMG000276.jpeg,3788890,6465.5,0.17
IMG000277.jpeg,3144392,2646.5,0.08
IMG000278.jpeg,3415810,1201.0,0.04
IMG000279.jpeg,3105336,357.5,0.01
IMG000280.jpeg,4848920,9596.0,0.2
IMG000281.jpeg,4807736,8288.5,0.17
IMG000282.jpeg,4326150,8351.0,0.19
IMG000283.jpeg,6868320,972.0,0.01
IMG000284.jpeg,5493600,2344.5,0.04
IMG000285.jpeg,4266654,6442.5,0.15
IMG000286.jpeg,3951416,1155.5,0.03
IMG000287.jpeg,2505792,6285.0,0.25
IMG000288.jpeg,2505792,7549.0,0.3
IMG000289.jpeg,4587416,66259.0,1.44
IMG000290.jpeg,4777344,65851.5,1.38
IMG000291.jpeg,4720436,4111.0,0.09
IMG000292.jpeg,2924448,1522.5,0.05
IMG000293.jpeg,3460000,761.0,0.02
IMG000294.jpeg,3515688,822.0,0.02
IMG000295.jpeg,4382208,1682.0,0.04
IMG000296.jpeg,4109985,4997.0,0.12
IMG000297.jpeg,769560,828.5,0.11
IMG000298.jpeg,3529216,99252.5,2.81
IMG000299.jpeg,3234464,122947.0,3.8
IMG000300.jpeg,2617768,6036.5,0.23
IMG000301.jpeg,5284245,3204.0,0.06
IMG000302.jpeg,2712960,1749.0,0.06
IMG000303.jpeg,6454448,7924.5,0.12
IMG000304.jpeg,7797504,6600.5,0.08
IMG000305.jpeg,3304032,1104.0,0.03
IMG000306.jpeg,955080,3606.0,0.38
IMG000307.jpeg,1964146,3985.5,0.2
IMG000308.jpeg,571824,511.0,0.09
IMG000309.jpeg,3409696,4227.5,0.12
IMG000310.jpeg,7448224,4312.0,0.06
IMG000311.jpeg,7727720,3650.5,0.05
IMG000312.jpeg,3781662,2647.5,0.07
IMG000313.jpeg,3306681,1658.0,0.05
IMG000314.jpeg,6894768,41272.5,0.6
IMG000315.jpeg,3601035,42890.0,1.19
IMG000316.jpeg,7640640,42230.0,0.55
IMG000317.jpeg,7126560,47966.0,0.67
IMG000318.jpeg,7126560,48863.0,0.69
IMG000319.jpeg,4863328,3733.0,0.08
IMG000320.jpeg,3589404,799.5,0.02
IMG000321.jpeg,2016360,23008.5,1.14
IMG000322.jpeg,4107648,1442.5,0.04
IMG000323.jpeg,2204824,4620.5,0.21
IMG000324.jpeg,1160064,4359.0,0.38
IMG000325.jpeg,1561230,778.0,0.05
IMG000326.jpeg,1832576,2346.5,0.13
IMG000327.jpeg,607145,605.5,0.1
IMG000328.jpeg,7640640,28886.0,0.38
IMG000329.jpeg,1532034,7608.0,0.5
IMG000330.jpeg,2006442,25940.0,1.29
IMG000331.jpeg,7774464,16631.0,0.21
IMG000332.jpeg,4715834,420217.0,8.91
IMG000333.jpeg,4974585,527263.5,10.6
IMG000334.jpeg,1462165,784.5,0.05
IMG000335.jpeg,6239856,3872.5,0.06
IMG000336.jpeg,3433188,3193.0,0.09
IMG000337.jpeg,3727264,1266.5,0.03
IMG000338.jpeg,5099136,3000.5,0.06
IMG000339.jpeg,1503996,43364.0,2.88
IMG000340.jpeg,4729920,2532.5,0.05
IMG000341.jpeg,3676400,8678.0,0.24
IMG000342.jpeg,6270720,14788.5,0.24
IMG000343.jpeg,1817493,1720.0,0.09
IMG000344.jpeg,6111680,15514.0,0.25
IMG000345.jpeg,6576512,11796.5,0.18
IMG000346.jpeg,4394880,25387.5,0.58
IMG000347.jpeg,3459432,22295.5,0.64
IMG000348.jpeg,7774464,75278.0,0.97
IMG000349.jpeg,4696164,1515.5,0.03
IMG000350.jpeg,4653772,8010.5,0.17
IMG000351.jpeg,2927994,5909.0,0.2
IMG000352.jpeg,4091300,2044.5,0.05
IMG000353.jpeg,3009240,2008.0,0.07
IMG000354.jpeg,5131554,15044.0,0.29
IMG000355.jpeg,5561856,14643.5,0.26
IMG000356.jpeg,854642,1750.0,0.2
IMG000357.jpeg,4760865,962.5,0.02
IMG000358.jpeg,818988,306.0,0.04
IMG000359.jpeg,6201720,426.0,0.01
IMG000360.jpeg,7929600,12865.5,0.16
IMG000361.jpeg,4334400,12770.5,0.29
IMG000362.jpeg,8590400,10888.0,0.13
IMG000363.jpeg,5038671,16215.5,0.32
IMG000364.jpeg,698828,518.5,0.07
IMG000365.jpeg,4969216,473.0,0.01
IMG000366.jpeg,3748415,400.5,0.01
IMG000367.jpeg,3040512,4124.5,0.14
IMG000368.jpeg,6764800,1896.5,0.03
IMG000369.jpeg,5548392,48185.5,0.87
IMG000370.jpeg,5080448,2219.5,0.04
IMG000371.jpeg,5993664,33553.5,0.56
IMG000372.jpeg,3304032,2203.0,0.07
IMG000373.jpeg,4250400,839.5,0.02
IMG000374.jpeg,1532910,81524.5,5.32
IMG000375.jpeg,5107752,686077.5,13.43
IMG000376.jpeg,5423978,702314.5,12.95
IMG000377.jpeg,6241704,1799.0,0.03
IMG000378.jpeg,851202,761.0,0.09
IMG000379.jpeg,5371008,31264.5,0.58
IMG000380.jpeg,5667504,6675.0,0.12
IMG000381.jpeg,881820,4718.0,0.54
IMG000382.jpeg,6191344,16835.5,0.27
IMG000383.jpeg,3638544,2763.0,0.08
IMG000384.jpeg,3134625,3167.0,0.1
IMG000385.jpeg,7650513,2199.0,0.03
IMG000386.jpeg,2899287,464.5,0.02
IMG000387.jpeg,3305652,449.5,0.01
IMG000388.jpeg,1317500,897.5,0.07
IMG000389.jpeg,1562500,1270.5,0.08
IMG000390.jpeg,5592528,18335.5,0.33
IMG000391.jpeg,5244552,24450.5,0.47
IMG000392.jpeg,5824272,20095.0,0.35
IMG000393.jpeg,6432575,30066.5,0.47
IMG000394.jpeg,1164508,136647.5,11.73
IMG000395.jpeg,832818,48791.5,5.86
IMG000396.jpeg,707388,46220.0,6.53
IMG000397.jpeg,678062,95055.0,14.02
IMG000398.jpeg,4538512,670921.0,14.78
IMG000399.jpeg,4602578,768917.0,16.71
IMG000400.jpeg,4631560,721287.5,15.57
IMG000401.jpeg,4255236,646630.0,15.2
IMG000402.jpeg,7012917,1618045.0,23.07
IMG000403.jpeg,3743052,721792.5,19.28
IMG000404.jpeg,9542400,955396.5,10.01
IMG000405.jpeg,6349104,463758.0,7.3
IMG000406.jpeg,5083008,454999.5,8.95
IMG000407.jpeg,1299942,186389.0,14.34
IMG000408.jpeg,6787845,416.5,0.01
IMG000409.jpeg,1991760,7445.5,0.37
IMG000410.jpeg,3001064,2506.5,0.08
IMG000411.jpeg,3626520,33549.5,0.93
IMG000412.jpeg,4879990,45167.5,0.93
IMG000413.jpeg,3792204,37715.5,0.99
IMG000414.jpeg,2884719,735.5,0.03
IMG000415.jpeg,8772000,223039.0,2.54
IMG000416.jpeg,4606560,6845.0,0.15
IMG000417.jpeg,1256000,44598.5,3.55
IMG000418.jpeg,6518800,23461.0,0.36
IMG000419.jpeg,7640640,19186.5,0.25
IMG000420.jpeg,4831200,6166.0,0.13
IMG000421.jpeg,3727800,3641.5,0.1
IMG000422.jpeg,4428300,4501.0,0.1
IMG000423.jpeg,7115904,11232.0,0.16
IMG000424.jpeg,6058430,11802.0,0.19
IMG000425.jpeg,4202240,11875.5,0.28
IMG000426.jpeg,4193660,6482.0,0.15
IMG000427.jpeg,3859200,25888.0,0.67
IMG000428.jpeg,3803376,17691.5,0.47
IMG000429.jpeg,1444284,3851.5,0.27
IMG000430.jpeg,8366400,10090.5,0.12
IMG000431.jpeg,4352922,5229.5,0.12
IMG000432.jpeg,4959360,5499.0,0.11
IMG000433.jpeg,4466880,18384.5,0.41
IMG000434.jpeg,4465760,15857.5,0.36
IMG000435.jpeg,4193736,32110.5,0.77
IMG000436.jpeg,6240240,19032.5,0.3
IMG000437.jpeg,4475232,24517.5,0.55
IMG000438.jpeg,4475232,14462.0,0.32
IMG000439.jpeg,2997680,1307.5,0.04
IMG000440.jpeg,2998800,1313.5,0.04
IMG000441.jpeg,2183024,1357.5,0.06
IMG000442.jpeg,6249600,3175.5,0.05
IMG000443.jpeg,7759650,1949.0,0.03
IMG000444.jpeg,451164,256.5,0.06
IMG000445.jpeg,4716459,3174.5,0.07
IMG000446.jpeg,9542400,237667.0,2.49
IMG000447.jpeg,3839924,1581.5,0.04
IMG000448.jpeg,6476346,167329.5,2.58
IMG000449.jpeg,6233872,136220.5,2.19
IMG000450.jpeg,4770632,29492.5,0.62
IMG000451.jpeg,4534285,10470.0,0.23
IMG000452.jpeg,3179442,47528.5,1.49
IMG000453.jpeg,2577198,9063.0,0.35
IMG000454.jpeg,3461792,7670.5,0.22
IMG000455.jpeg,7774464,136906.0,1.76
IMG000456.jpeg,7774464,61452.5,0.79
IMG000457.jpeg,7774464,77187.0,0.99
IMG000458.jpeg,7774464,153282.0,1.97
IMG000459.jpeg,3645376,70922.0,1.95
IMG000460.jpeg,3598784,72513.5,2.01
IMG000461.jpeg,7774464,54339.0,0.7
IMG000462.jpeg,7774464,54647.5,0.7
IMG000463.jpeg,7774464,369627.5,4.75
IMG000464.jpeg,7774464,376638.0,4.84
IMG000465.jpeg,7774464,363972.5,4.68
IMG000466.jpeg,7774464,454723.5,5.85
IMG000467.jpeg,4940497,33333.0,0.67
IMG000468.jpeg,3623920,51261.0,1.41
IMG000469.jpeg,3741696,45308.5,1.21
IMG000470.jpeg,2310210,1381.0,0.06
IMG000471.jpeg,2541000,2082.0,0.08
IMG000472.jpeg,5427312,229533.5,4.23
IMG000473.jpeg,7640640,685279.0,8.97
IMG000474.jpeg,5547072,375064.5,6.76
IMG000475.jpeg,7005600,79810.5,1.14
IMG000476.jpeg,3968986,112674.5,2.84
IMG000477.jpeg,6124640,610479.5,9.97
IMG000478.jpeg,6124640,23894.0,0.39
IMG000479.jpeg,2525000,58487.5,2.32
IMG000480.jpeg,2525000,28461.0,1.13
IMG000481.jpeg,4233015,4260.0,0.1
IMG000482.jpeg,3933318,5904.0,0.15
IMG000483.jpeg,6707648,6223.0,0.09
IMG000484.jpeg,7179776,160312.0,2.23
IMG000485.jpeg,6527896,160390.0,2.46
IMG000486.jpeg,4132800,7284.5,0.18
IMG000487.jpeg,1736512,2666.5,0.15
IMG000488.jpeg,3169662,7321.5,0.23
IMG000489.jpeg,2813304,5782.5,0.21
IMG000490.jpeg,4654832,2290.5,0.05
IMG000491.jpeg,2926476,1813.0,0.06
IMG000492.jpeg,6273341,10837.5,0.17
IMG000493.jpeg,3990847,8717.5,0.22
IMG000494.jpeg,3755616,1991.0,0.05
IMG000495.jpeg,3746800,816.0,0.02
IMG000496.jpeg,3827736,6649.0,0.17
IMG000497.jpeg,8772000,225384.5,2.57
IMG000498.jpeg,7774464,44875.0,0.58
IMG000499.jpeg,7774464,43523.0,0.56
IMG000500.jpeg,7774464,3935.5,0.05
IMG000501.jpeg,7774464,4556.0,0.06
IMG000502.jpeg,7774464,2727.0,0.04
IMG000503.jpeg,7774464,53504.0,0.69
IMG000504.jpeg,7774464,38715.5,0.5
IMG000505.jpeg,7774464,33685.5,0.43
IMG000506.jpeg,7774464,81220.5,1.04
IMG000507.jpeg,4143936,27190.0,0.66
IMG000508.jpeg,3847504,95024.0,2.47
IMG000509.jpeg,4211925,8264.0,0.2
IMG000510.jpeg,4330080,3411.0,0.08
IMG000511.jpeg,7646265,6877.0,0.09
IMG000512.jpeg,6945440,7690.5,0.11
IMG000513.jpeg,7492800,24800.5,0.33
IMG000514.jpeg,1477745,187065.5,12.66
IMG000515.jpeg,4121091,1871.5,0.05
IMG000516.jpeg,6940776,28772.0,0.41
IMG000517.jpeg,5143974,66195.0,1.29
IMG000518.jpeg,7032960,43393.5,0.62
IMG000519.jpeg,7037360,14186.5,0.2
IMG000520.jpeg,6929088,21983.5,0.32
IMG000521.jpeg,6740712,34789.5,0.52
IMG000522.jpeg,2973894,32495.5,1.09
IMG000523.jpeg,4328220,6164.5,0.14
IMG000524.jpeg,6921600,6306.0,0.09
IMG000525.jpeg,4715040,33050.5,0.7
IMG000526.jpeg,5127112,58298.5,1.14
IMG000527.jpeg,5439408,60762.0,1.12
IMG000528.jpeg,4371840,9541.0,0.22
IMG000529.jpeg,4053492,6486.5,0.16
IMG000530.jpeg,5816784,5538.0,0.1
IMG000531.jpeg,5836224,5142.5,0.09
IMG000532.jpeg,4222660,64063.0,1.52
IMG000533.jpeg,3722596,57980.5,1.56
IMG000534.jpeg,5296048,59999.5,1.13
IMG000535.jpeg,5204368,61523.0,1.18
IMG000536.jpeg,5083008,59044.5,1.16
IMG000537.jpeg,4113528,42646.5,1.04
IMG000538.jpeg,4288464,64406.0,1.5
IMG000539.jpeg,5149830,9963.5,0.19
IMG000540.jpeg,8270745,12645.5,0.15
IMG000541.jpeg,7875888,15128.0,0.19
IMG000542.jpeg,4423584,1702.0,0.04
IMG000543.jpeg,4060640,33761.5,0.83
IMG000544.jpeg,5865168,18505.5,0.32
IMG000545.jpeg,3473736,17929.5,0.52
IMG000546.jpeg,5017200,1814.0,0.04
IMG000547.jpeg,5841987,1692.5,0.03
IMG000548.jpeg,2787120,2231.5,0.08
IMG000549.jpeg,2998144,2098.5,0.07
IMG000550.jpeg,7774464,1477.5,0.02
IMG000551.jpeg,7774464,9198.0,0.12
IMG000552.jpeg,7774464,69847.0,0.9
IMG000553.jpeg,7774464,64859.5,0.83
IMG000554.jpeg,7774464,55814.0,0.72
IMG000555.jpeg,7774464,4979.5,0.06
IMG000556.jpeg,7774464,4742.0,0.06
IMG000557.jpeg,7774464,103.0,0.0
IMG000558.jpeg,7774464,216.5,0.0
IMG000559.jpeg,7774464,201.5,0.0
IMG000560.jpeg,7774464,159.0,0.0
IMG000561.jpeg,1159025,5668.5,0.49
IMG000562.jpeg,7774464,19782.5,0.25
IMG000563.jpeg,7774464,14103.5,0.18
IMG000564.jpeg,8125884,46172.0,0.57
IMG000565.jpeg,1987968,1919.5,0.1
IMG000566.jpeg,7774464,1338.0,0.02
IMG000567.jpeg,3015524,911.5,0.03
IMG000568.jpeg,2564202,62347.5,2.43
IMG000569.jpeg,3646089,59348.5,1.63
IMG000570.jpeg,1832880,59093.5,3.22
IMG000571.jpeg,2544924,80720.5,3.17
IMG000572.jpeg,2411550,69116.5,2.87
IMG000573.jpeg,8635872,546579.0,6.33
IMG000574.jpeg,4886191,389486.5,7.97
IMG000575.jpeg,5602752,183782.5,3.28
IMG000576.jpeg,5424248,18564.5,0.34
IMG000577.jpeg,7774464,7882.0,0.1
IMG000578.jpeg,6054171,18301.0,0.3
IMG000579.jpeg,6101760,7807.5,0.13
IMG000580.jpeg,6188928,28291.5,0.46
IMG000581.jpeg,6188928,72720.0,1.18
IMG000582.jpeg,7774464,7284.0,0.09
IMG000583.jpeg,6117360,33997.5,0.56
IMG000584.jpeg,7528272,19799.0,0.26
IMG000585.jpeg,7774464,2746.0,0.04
IMG000586.jpeg,7774464,3183.5,0.04
IMG000587.jpeg,4012640,60209.0,1.5
IMG000588.jpeg,5271360,39446.0,0.75
IMG000589.jpeg,7774464,4709.5,0.06
IMG000590.jpeg,7774464,5551.0,0.07
IMG000591.jpeg,6212784,12199.0,0.2
IMG000592.jpeg,4358832,11930.0,0.27
IMG000593.jpeg,3128959,3656.0,0.12
IMG000594.jpeg,2915555,10983.5,0.38
IMG000595.jpeg,5290840,803.5,0.02
IMG000596.jpeg,7774464,2950.0,0.04
IMG000597.jpeg,4672312,4268.5,0.09
IMG000598.jpeg,5914950,87158.5,1.47
IMG000599.jpeg,7640640,87434.0,1.14
IMG000600.jpeg,7257600,80515.5,1.11
IMG000601.jpeg,5333300,41427.0,0.78
IMG000602.jpeg,5862490,23454.5,0.4
IMG000603.jpeg,3822632,34347.5,0.9
IMG000604.jpeg,3963910,14315.0,0.36
IMG000605.jpeg,5523840,14191.0,0.26
IMG000606.jpeg,5523840,13941.0,0.25
IMG000607.jpeg,4283184,354611.0,8.28
IMG000608.jpeg,4851216,254958.5,5.26
IMG000609.jpeg,7774464,12844.5,0.17
IMG000610.jpeg,7774464,15502.5,0.2
IMG000611.jpeg,7774464,14988.5,0.19
IMG000612.jpeg,2370200,5715.5,0.24
IMG000613.jpeg,6543360,44500.0,0.68
IMG000614.jpeg,6113744,43403.0,0.71
IMG000615.jpeg,6630400,29047.5,0.44
IMG000616.jpeg,3982389,57384.5,1.44
IMG000617.jpeg,3668658,6353.0,0.17
IMG000618.jpeg,2935284,6460.0,0.22
IMG000619.jpeg,5408508,2240.5,0.04
IMG000620.jpeg,5412000,11255.0,0.21
IMG000621.jpeg,7640640,19489.0,0.26
IMG000622.jpeg,5710320,40734.5,0.71
IMG000623.jpeg,5571720,44842.5,0.8
IMG000624.jpeg,4851000,38525.0,0.79
IMG000625.jpeg,2989875,2476.5,0.08
IMG000626.jpeg,4835248,4762.0,0.1
IMG000627.jpeg,4966200,3595.0,0.07
IMG000628.jpeg,6755296,3084.0,0.05
IMG000629.jpeg,3185584,6771.0,0.21
IMG000630.jpeg,3339583,13326.5,0.4
IMG000631.jpeg,1768000,6778.5,0.38
IMG000632.jpeg,1737252,5138.5,0.3
IMG000633.jpeg,5070480,908.0,0.02
IMG000634.jpeg,5061344,973.0,0.02
IMG000635.jpeg,2772732,1449.0,0.05
IMG000636.jpeg,7774464,5320.5,0.07
IMG000637.jpeg,3393216,2983.0,0.09
IMG000638.jpeg,3716350,7979.0,0.21
IMG000639.jpeg,794522,598.5,0.08
IMG000640.jpeg,7774464,22287.5,0.29
IMG000641.jpeg,4487094,2056.5,0.05
IMG000642.jpeg,7774464,7161.0,0.09
IMG000643.jpeg,7774464,9270.0,0.12
IMG000644.jpeg,5854792,45889.0,0.78
IMG000645.jpeg,6224696,41297.0,0.66
IMG000646.jpeg,2777064,5549.5,0.2
IMG000647.jpeg,2342838,1620.5,0.07
IMG000648.jpeg,7774464,5681.0,0.07
IMG000649.jpeg,7774464,1765.5,0.02
IMG000650.jpeg,5430960,424165.5,7.81
IMG000651.jpeg,4606101,308123.0,6.69
IMG000652.jpeg,6076128,10703.5,0.18
IMG000653.jpeg,7774464,32939.0,0.42
IMG000654.jpeg,7774464,27623.5,0.36
IMG000655.jpeg,7774464,188312.0,2.42
IMG000656.jpeg,7774464,210630.5,2.71
IMG000657.jpeg,7774464,173265.0,2.23
IMG000658.jpeg,7774464,4096.5,0.05
IMG000659.jpeg,8318928,1211162.0,14.56
IMG000660.jpeg,5612976,384296.5,6.85
IMG000661.jpeg,7886112,1406565.0,17.84
IMG000662.jpeg,7794096,712693.5,9.14
IMG000663.jpeg,7126776,605060.0,8.49
IMG000664.jpeg,7286400,706077.5,9.69
IMG000665.jpeg,2335620,35419.0,1.52
IMG000666.jpeg,2436600,29972.5,1.23
IMG000667.jpeg,2792936,25336.5,0.91
IMG000668.jpeg,4972272,403974.5,8.12
IMG000669.jpeg,3531156,63862.5,1.81
IMG000670.jpeg,3659955,141486.5,3.87
IMG000671.jpeg,2195795,74790.0,3.41
IMG000672.jpeg,4831488,1129.0,0.02
IMG000673.jpeg,9542400,2643.5,0.03
IMG000674.jpeg,3118768,54034.5,1.73
IMG000675.jpeg,2712669,43998.0,1.62
IMG000676.jpeg,1847500,46158.0,2.5
IMG000677.jpeg,6192336,108009.5,1.74
IMG000678.jpeg,6730800,113918.0,1.69
IMG000679.jpeg,1128960,1256.0,0.11
IMG000680.jpeg,2798640,1420.5,0.05
IMG000681.jpeg,679679,453.0,0.07
IMG000682.jpeg,746130,963.5,0.13
IMG000683.jpeg,7353834,126926.5,1.73
IMG000684.jpeg,4687556,1906.0,0.04
IMG000685.jpeg,4859946,1718.0,0.04
IMG000686.jpeg,5681104,28488.0,0.5
IMG000687.jpeg,7322176,21876.5,0.3
IMG000688.jpeg,5338832,45068.0,0.84
IMG000689.jpeg,6882666,66576.5,0.97
IMG000690.jpeg,6577884,63515.0,0.97
IMG000691.jpeg,3402150,10337.5,0.3
IMG000692.jpeg,5190502,6457.5,0.12
IMG000693.jpeg,5113080,20315.0,0.4
IMG000694.jpeg,7415808,18796.5,0.25
IMG000695.jpeg,7415808,17377.5,0.23
IMG000696.jpeg,6413856,28116.0,0.44
IMG000697.jpeg,9406080,21382.5,0.23
IMG000698.jpeg,8479104,13688.5,0.16
IMG000699.jpeg,4086680,10936.0,0.27
IMG000700.jpeg,9542400,5369.0,0.06
IMG000701.jpeg,6473600,6945.5,0.11
IMG000702.jpeg,7329344,123.5,0.0
IMG000703.jpeg,3549483,5781.0,0.16
IMG000704.jpeg,4909392,6055.5,0.12
IMG000705.jpeg,5564352,10372.5,0.19
IMG000706.jpeg,4268016,6642.0,0.16
IMG000707.jpeg,3292738,20013.0,0.61
IMG000708.jpeg,6985728,4204.0,0.06
IMG000709.jpeg,5368704,7123.0,0.13
IMG000710.jpeg,5364736,5498.0,0.1
IMG000711.jpeg,3530016,956.5,0.03
IMG000712.jpeg,2900114,500.5,0.02
IMG000713.jpeg,2597520,594.5,0.02
IMG000714.jpeg,7774464,9772.5,0.13
IMG000715.jpeg,7774464,8189.0,0.11
IMG000716.jpeg,3935664,450158.5,11.44
IMG000717.jpeg,3550728,521240.5,14.68
IMG000718.jpeg,3442425,332455.5,9.66
IMG000719.jpeg,3847938,346934.0,9.02
IMG000720.jpeg,5163496,26240.0,0.51
IMG000721.jpeg,5918464,27906.5,0.47
IMG000722.jpeg,5695136,73323.5,1.29
IMG000723.jpeg,5180160,5245.0,0.1
IMG000724.jpeg,4138020,12019.0,0.29
IMG000725.jpeg,3679425,8880.5,0.24
IMG000726.jpeg,4190654,3869.0,0.09
IMG000727.jpeg,5634384,6977.0,0.12
IMG000728.jpeg,5002944,1190.5,0.02
IMG000729.jpeg,1531152,10549.5,0.69
IMG000730.jpeg,1107234,4751.5,0.43
IMG000731.jpeg,7287424,7910.5,0.11
IMG000732.jpeg,3242966,3790.5,0.12
IMG000733.jpeg,3946263,1545.0,0.04
IMG000734.jpeg,3528057,12292.0,0.35
IMG000735.jpeg,4269616,2571.5,0.06
IMG000736.jpeg,686546,618.5,0.09
IMG000737.jpeg,4482300,7278.5,0.16
IMG000738.jpeg,5142445,12469.5,0.24
IMG000739.jpeg,4087600,2440.0,0.06
IMG000740.jpeg,4490024,2580.0,0.06
IMG000741.jpeg,7416272,1145.0,0.02
IMG000742.jpeg,529851,7564.0,1.43
IMG000743.jpeg,3819970,2010.0,0.05
IMG000744.jpeg,4346148,6139.5,0.14
IMG000745.jpeg,4332379,24641.0,0.57
IMG000746.jpeg,4656543,36037.5,0.77
IMG000747.jpeg,676514,2144.0,0.32
IMG000748.jpeg,5690656,5510.0,0.1
IMG000749.jpeg,499902,974.5,0.19
IMG000750.jpeg,6891300,5150.5,0.07
IMG000751.jpeg,5675904,3170.0,0.06
IMG000752.jpeg,3826875,3894.5,0.1
IMG000753.jpeg,5842664,2262.0,0.04
IMG000754.jpeg,4136832,2940.0,0.07
IMG000755.jpeg,3198576,4348.5,0.14
IMG000756.jpeg,6001488,242230.5,4.04
IMG000757.jpeg,5540058,181631.0,3.28
IMG000758.jpeg,7774464,118088.0,1.52
IMG000759.jpeg,7774464,185901.0,2.39
IMG000760.jpeg,1120878,1345.5,0.12
IMG000761.jpeg,796016,880.0,0.11
IMG000762.jpeg,578550,254.5,0.04
IMG000763.jpeg,831356,1054.0,0.13
IMG000764.jpeg,2736434,1726.5,0.06
IMG000765.jpeg,8366400,16726.5,0.2
IMG000766.jpeg,6352896,5069.0,0.08
IMG000767.jpeg,6223360,16998.5,0.27
IMG000768.jpeg,1073319,2252.5,0.21
IMG000769.jpeg,4963158,2209.5,0.04
IMG000770.jpeg,632996,606.0,0.1
IMG000771.jpeg,2344320,1824.5,0.08
IMG000772.jpeg,2575872,1968.0,0.08
IMG000773.jpeg,2064230,1138.0,0.06
IMG000774.jpeg,2409048,26232.5,1.09
IMG000775.jpeg,2629960,26099.0,0.99
IMG000776.jpeg,4105296,25438.0,0.62
IMG000777.jpeg,4171392,166606.0,3.99
IMG000778.jpeg,5602752,177873.0,3.17
IMG000779.jpeg,4083839,224790.5,5.5
IMG000780.jpeg,7232400,2776.0,0.04
IMG000781.jpeg,603680,19871.0,3.29
IMG000782.jpeg,516768,27530.0,5.33
IMG000783.jpeg,553410,354.5,0.06
IMG000784.jpeg,405825,542.5,0.13
IMG000785.jpeg,546975,18148.5,3.32
IMG000786.jpeg,642115,37879.0,5.9
IMG000787.jpeg,825240,13254.5,1.61
IMG000788.jpeg,637501,13518.5,2.12
IMG000789.jpeg,690432,18663.0,2.7
IMG000790.jpeg,375830,1583.5,0.42
IMG000791.jpeg,503808,4940.0,0.98
IMG000792.jpeg,519844,7608.0,1.46
IMG000793.jpeg,436590,11157.0,2.56
IMG000794.jpeg,466336,4997.5,1.07
IMG000795.jpeg,837760,14735.5,1.76
IMG000796.jpeg,517632,1132.0,0.22
IMG000797.jpeg,509376,1230.0,0.24
IMG000798.jpeg,515028,2181.0,0.42
IMG000799.jpeg,524280,4936.0,0.94
IMG000800.jpeg,355524,2072.0,0.58
IMG000801.jpeg,298252,1074.0,0.36
IMG000802.jpeg,569769,13369.5,2.35
IMG000803.jpeg,527450,14575.0,2.76
IMG000804.jpeg,435088,34997.5,8.04
IMG000805.jpeg,412108,24756.5,6.01
IMG000806.jpeg,598300,30095.0,5.03
IMG000807.jpeg,530072,10739.0,2.03
IMG000808.jpeg,516570,9418.5,1.82
IMG000809.jpeg,316771,2821.0,0.89
IMG000810.jpeg,439837,3460.5,0.79
IMG000811.jpeg,411950,9230.0,2.24
IMG000812.jpeg,503344,11908.5,2.37
IMG000813.jpeg,461568,9028.0,1.96
IMG000814.jpeg,433384,1277.0,0.29
IMG000815.jpeg,484608,1870.5,0.39
IMG000816.jpeg,541502,24384.5,4.5
IMG000817.jpeg,355584,27132.5,7.63
IMG000818.jpeg,664416,54973.5,8.27
IMG000819.jpeg,427688,3088.0,0.72
IMG000820.jpeg,471081,6817.5,1.45
IMG000821.jpeg,380874,876.0,0.23
IMG000822.jpeg,417960,4201.0,1.01
IMG000823.jpeg,498550,3744.0,0.75
IMG000824.jpeg,520613,401.0,0.08
IMG000825.jpeg,497664,760.5,0.15
IMG000826.jpeg,532171,1042.5,0.2
IMG000827.jpeg,556756,1836.0,0.33
IMG000828.jpeg,698019,5430.5,0.78
IMG000829.jpeg,515130,4182.5,0.81
IMG000830.jpeg,530448,5143.0,0.97
IMG000831.jpeg,539838,6268.5,1.16
IMG000832.jpeg,442368,3556.0,0.8
IMG000833.jpeg,466336,10016.5,2.15
IMG000834.jpeg,447744,11688.5,2.61
IMG000835.jpeg,523020,8055.5,1.54
IMG000836.jpeg,1971520,9378.0,0.48
IMG000837.jpeg,1844124,10848.0,0.59
IMG000838.jpeg,6592300,8301.0,0.13
IMG000839.jpeg,3636864,82747.0,2.28
IMG000840.jpeg,6781946,108159.0,1.59
IMG000841.jpeg,1218576,4831.5,0.4
IMG000842.jpeg,1473345,6563.5,0.45
IMG000843.jpeg,2351622,6451.0,0.27
IMG000844.jpeg,5566050,75775.0,1.36
IMG000845.jpeg,4796448,55744.0,1.16
IMG000846.jpeg,3704610,22121.0,0.6
IMG000847.jpeg,3704610,17046.5,0.46
IMG000848.jpeg,3704610,1615.5,0.04
IMG000849.jpeg,1851622,1331.5,0.07
IMG000850.jpeg,1848886,2869.5,0.16
IMG000851.jpeg,1158363,730.5,0.06
IMG000852.jpeg,2285514,125.0,0.01
IMG000853.jpeg,3703224,2432.0,0.07
IMG000854.jpeg,3703224,2552.0,0.07
IMG000855.jpeg,3703224,5476.0,0.15
IMG000856.jpeg,3415104,926.5,0.03
IMG000857.jpeg,2735716,14178.0,0.52
IMG000858.jpeg,3695406,3917.0,0.11
IMG000859.jpeg,3695406,4938.0,0.13
IMG000860.jpeg,4602990,3700.0,0.08
IMG000861.jpeg,5709520,17887.5,0.31
IMG000862.jpeg,6770820,121225.5,1.79
IMG000863.jpeg,4417382,1117.5,0.03
IMG000864.jpeg,5569600,6321.0,0.11
IMG000865.jpeg,5391684,4313.0,0.08
IMG000866.jpeg,5473520,5797.5,0.11
IMG000867.jpeg,3281322,1725.0,0.05
IMG000868.jpeg,1992092,2218.5,0.11
IMG000869.jpeg,1901241,4662.5,0.25
IMG000870.jpeg,3700008,1182.0,0.03
IMG000871.jpeg,3700008,1157.5,0.03
IMG000872.jpeg,5995560,16594.5,0.28
IMG000873.jpeg,5995560,18618.0,0.31
IMG000874.jpeg,6777334,16837.0,0.25
IMG000875.jpeg,1849344,642.5,0.03
IMG000876.jpeg,3237768,2933.0,0.09
IMG000877.jpeg,3051008,792.0,0.03
IMG000878.jpeg,3808188,14907.0,0.39
IMG000879.jpeg,3808188,25347.5,0.67
IMG000880.jpeg,2777664,454413.0,16.36
IMG000881.jpeg,3700008,6304.0,0.17
IMG000882.jpeg,2576250,12560.0,0.49
IMG000883.jpeg,3679830,18269.0,0.5
IMG000884.jpeg,6429026,17837.5,0.28
IMG000885.jpeg,5264390,17971.0,0.34
IMG000886.jpeg,3726726,5684.0,0.15
IMG000887.jpeg,3726726,4062.0,0.11
IMG000888.jpeg,8398404,1624.0,0.02
IMG000889.jpeg,3271754,11745.0,0.36
IMG000890.jpeg,3707830,2639.0,0.07
IMG000891.jpeg,2362370,7369.5,0.31
IMG000892.jpeg,3138048,2855.5,0.09
IMG000893.jpeg,4008004,1615.5,0.04
IMG000894.jpeg,4080400,2520.0,0.06
IMG000895.jpeg,2975280,1379.5,0.05
IMG000896.jpeg,1746240,10182.5,0.58
IMG000897.jpeg,2608029,5508.5,0.21
IMG000898.jpeg,3260007,4930.0,0.15
IMG000899.jpeg,632775,4510.5,0.71
IMG000900.jpeg,4427776,20296.0,0.46
IMG000901.jpeg,2815296,752.0,0.03
IMG000902.jpeg,2270230,1393.5,0.06
IMG000903.jpeg,3706440,2342.5,0.06
IMG000904.jpeg,3706440,1484.5,0.04
IMG000905.jpeg,3021942,5915.0,0.2
IMG000906.jpeg,3914190,5105.0,0.13
IMG000907.jpeg,3914190,3838.5,0.1
IMG000908.jpeg,3799810,9810.0,0.26
IMG000909.jpeg,2914626,369.0,0.01
IMG000910.jpeg,3703224,1194.5,0.03
IMG000911.jpeg,3703224,2687.0,0.07
IMG000912.jpeg,4016432,4159.0,0.1
IMG000913.jpeg,3706440,145917.0,3.94
IMG000914.jpeg,3706440,164037.0,4.43
IMG000915.jpeg,3706440,185008.0,4.99
IMG000916.jpeg,3706440,142349.5,3.84
IMG000917.jpeg,2977856,595.5,0.02
IMG000918.jpeg,6512704,3164.0,0.05
IMG000919.jpeg,3961462,782.5,0.02
IMG000920.jpeg,3908304,926.0,0.02
IMG000921.jpeg,3908304,1224.5,0.03
IMG000922.jpeg,2655744,370.0,0.01
IMG000923.jpeg,3703224,754.5,0.02
IMG000924.jpeg,6770820,1090.0,0.02
IMG000925.jpeg,4084441,37470.5,0.92
IMG000926.jpeg,2374675,3156.5,0.13
IMG000927.jpeg,2714203,9825.5,0.36
IMG000928.jpeg,3443206,2855.0,0.08
IMG000929.jpeg,3684800,516.0,0.01
IMG000930.jpeg,5290000,8798.5,0.17
IMG000931.jpeg,8099716,1435.5,0.02
IMG000932.jpeg,3704610,757.0,0.02
IMG000933.jpeg,2552523,2039.0,0.08
IMG000934.jpeg,3674914,5659.0,0.15
IMG000935.jpeg,8678916,5604.5,0.06
IMG000936.jpeg,6764940,129303.0,1.91
IMG000937.jpeg,3066588,74453.0,2.43
IMG000938.jpeg,3066588,106321.5,3.47
IMG000939.jpeg,2938320,15375.0,0.52
IMG000940.jpeg,2938320,8979.5,0.31
IMG000941.jpeg,1437184,30614.5,2.13
IMG000942.jpeg,1308960,24887.0,1.9
IMG000943.jpeg,3326976,31741.0,0.95
IMG000944.jpeg,4502884,20701.0,0.46
IMG000945.jpeg,2598544,22098.5,0.85
IMG000946.jpeg,3268864,68595.0,2.1
IMG000947.jpeg,3808188,7700.5,0.2
IMG000948.jpeg,6786558,8926.0,0.13
IMG000949.jpeg,1866507,915.0,0.05
IMG000950.jpeg,6586580,41903.5,0.64
IMG000951.jpeg,5176680,11117.0,0.21
IMG000952.jpeg,3704610,2645.0,0.07
IMG000953.jpeg,6310144,3089.0,0.05
IMG000954.jpeg,5290000,2663.5,0.05
IMG000955.jpeg,5253264,5362.5,0.1
IMG000956.jpeg,4227136,16044.5,0.38
IMG000957.jpeg,5550736,18448.5,0.33
IMG000958.jpeg,8892324,6362.0,0.07
IMG000959.jpeg,8940100,2477.5,0.03
IMG000960.jpeg,2102460,6477.0,0.31
IMG000961.jpeg,1992886,9544.5,0.48
IMG000962.jpeg,9659499,448413.5,4.64
IMG000963.jpeg,2902712,127993.0,4.41
IMG000964.jpeg,3040506,68872.5,2.27
IMG000965.jpeg,3758016,11995.5,0.32
IMG000966.jpeg,2738960,78948.5,2.88
IMG000967.jpeg,2382759,122584.0,5.14
IMG000968.jpeg,2370633,152401.0,6.43
IMG000969.jpeg,2360528,332693.5,14.09
IMG000970.jpeg,2358507,100238.0,4.25
IMG000971.jpeg,2342339,6983.5,0.3
IMG000972.jpeg,4205504,120224.0,2.86
IMG000973.jpeg,3590460,3444.5,0.1
IMG000974.jpeg,8820900,3595.5,0.04
IMG000975.jpeg,1657276,172.0,0.01
IMG000976.jpeg,1663811,177.5,0.01
IMG000977.jpeg,4098598,69872.0,1.7
IMG000978.jpeg,4098598,59644.5,1.46
IMG000979.jpeg,6103296,749.0,0.01
IMG000980.jpeg,3060834,5077.5,0.17
IMG000981.jpeg,2980800,559.0,0.02
IMG000982.jpeg,8797156,12765.5,0.15
IMG000983.jpeg,8678916,10873.5,0.13
IMG000984.jpeg,8678916,27725.5,0.32
IMG000985.jpeg,1330752,4714.0,0.35
IMG000986.jpeg,3703224,10895.0,0.29
IMG000987.jpeg,3162404,9802.5,0.31
IMG000988.jpeg,5299204,3415.0,0.06
IMG000989.jpeg,5299204,5141.0,0.1
IMG000990.jpeg,5400976,2034.0,0.04
IMG000991.jpeg,3680194,11628.0,0.32
IMG000992.jpeg,3680194,12030.5,0.33
IMG000993.jpeg,3706440,3448.0,0.09
IMG000994.jpeg,3703224,51715.0,1.4
IMG000995.jpeg,3703224,159354.0,4.3
IMG000996.jpeg,6388992,1009.0,0.02
IMG000997.jpeg,3637800,101164.0,2.78
IMG000998.jpeg,4084441,371995.0,9.11
IMG000999.jpeg,3300330,55107.0,1.67
IMG001000.jpeg,3632772,118845.5,3.27
IMG001001.jpeg,3859218,95083.5,2.46
IMG001002.jpeg,2128113,53007.0,2.49
IMG001003.jpeg,2337686,3600.5,0.15
IMG001004.jpeg,2337686,6181.0,0.26
IMG001005.jpeg,3166152,4316.0,0.14
IMG001006.jpeg,3166152,3771.5,0.12
IMG001007.jpeg,2128113,39242.5,1.84
IMG001008.jpeg,3607485,63245.5,1.75
IMG001009.jpeg,3573128,266930.5,7.47
IMG001010.jpeg,3589296,109475.5,3.05
IMG001011.jpeg,3047776,2780.5,0.09
IMG001012.jpeg,3047776,2477.5,0.08
IMG001013.jpeg,3293316,72871.5,2.21
IMG001014.jpeg,3276170,45604.5,1.39
IMG001015.jpeg,3302988,53221.0,1.61
IMG001016.jpeg,3706440,73403.5,1.98
IMG001017.jpeg,2458512,16490.0,0.67
IMG001018.jpeg,2363600,2319.0,0.1
IMG001019.jpeg,3707830,1176.5,0.03
IMG001020.jpeg,3072384,628.5,0.02
IMG001021.jpeg,4499900,557.5,0.01
IMG001022.jpeg,3707830,934.0,0.03
IMG001023.jpeg,3707830,3341.0,0.09
IMG001024.jpeg,10083200,4511.0,0.04
IMG001025.jpeg,13371904,6604.0,0.05
IMG001026.jpeg,3478860,979.5,0.03
IMG001027.jpeg,3029370,11246.5,0.37
IMG001028.jpeg,2644048,1725.0,0.07
IMG001029.jpeg,3703224,777.5,0.02
IMG001030.jpeg,2388822,58116.5,2.43
IMG001031.jpeg,3700008,6686.0,0.18
IMG001032.jpeg,3700008,5145.5,0.14
IMG001033.jpeg,3700008,4336.5,0.12
IMG001034.jpeg,4063894,5176.5,0.13
IMG001035.jpeg,3701830,1436.5,0.04
IMG001036.jpeg,3701830,5464.0,0.15
IMG001037.jpeg,3707830,3696.0,0.1
IMG001038.jpeg,3707830,7461.5,0.2
IMG001039.jpeg,4142304,1054.0,0.03
IMG001040.jpeg,3482430,45831.0,1.32
IMG001041.jpeg,4191520,45545.5,1.09
IMG001042.jpeg,2356096,1405.5,0.06
IMG001043.jpeg,2276402,1342.5,0.06
IMG001044.jpeg,3920076,11156.5,0.28
IMG001045.jpeg,3920076,13852.0,0.35
IMG001046.jpeg,3398640,13601.0,0.4
IMG001047.jpeg,3707830,2974.5,0.08
IMG001048.jpeg,3915100,3001.0,0.08
IMG001049.jpeg,3829248,6246.5,0.16
IMG001050.jpeg,4735010,69632.0,1.47
IMG001051.jpeg,3227584,55848.5,1.73
IMG001052.jpeg,6017209,24495.5,0.41
IMG001053.jpeg,4218916,26957.0,0.64
IMG001054.jpeg,4660194,17402.5,0.37
IMG001055.jpeg,5376148,13206.5,0.25
IMG001056.jpeg,4084441,16753.0,0.41
IMG001057.jpeg,3300804,4725.0,0.14
IMG001058.jpeg,3704610,5407.5,0.15
IMG001059.jpeg,6781310,4481.0,0.07
IMG001060.jpeg,3802470,2070.5,0.05
IMG001061.jpeg,2433040,24437.5,1.0
IMG001062.jpeg,4080384,22715.0,0.56
IMG001063.jpeg,3704610,2395.0,0.06
IMG001064.jpeg,3704610,3272.0,0.09
IMG001065.jpeg,3511876,8310.5,0.24
IMG001066.jpeg,3013696,11278.0,0.37
IMG001067.jpeg,2028000,1864.0,0.09
IMG001068.jpeg,2513472,2324.0,0.09
IMG001069.jpeg,5314896,1087.5,0.02
IMG001070.jpeg,3680110,18969.5,0.52
IMG001071.jpeg,3680110,16372.5,0.44
IMG001072.jpeg,3714270,11481.5,0.31
IMG001073.jpeg,2277720,7809.5,0.34
IMG001074.jpeg,3104064,19361.0,0.62
IMG001075.jpeg,2283876,18381.5,0.8
IMG001076.jpeg,2331676,28109.5,1.21
IMG001077.jpeg,2504019,21364.0,0.85
IMG001078.jpeg,2495935,26795.5,1.07
IMG001079.jpeg,3911530,39505.5,1.01
IMG001080.jpeg,3840946,47403.0,1.23
IMG001081.jpeg,3454880,46285.0,1.34
IMG001082.jpeg,3172848,50001.5,1.58
IMG001083.jpeg,3263750,155626.0,4.77
IMG001084.jpeg,3555536,25592.5,0.72
IMG001085.jpeg,3468304,27890.0,0.8
IMG001086.jpeg,4304830,9165.5,0.21
IMG001087.jpeg,3802470,71530.0,1.88
IMG001088.jpeg,4530288,44103.5,0.97
IMG001089.jpeg,3922560,93445.0,2.38
IMG001090.jpeg,2906288,10386.5,0.36
IMG001091.jpeg,2558320,14194.0,0.55
IMG001092.jpeg,2290000,142882.5,6.24
IMG001093.jpeg,4025440,117752.5,2.93
IMG001094.jpeg,3953280,78266.0,1.98
IMG001095.jpeg,4049568,7450.5,0.18
IMG001096.jpeg,6180300,9072.0,0.15
IMG001097.jpeg,2422400,9804.5,0.4
IMG001098.jpeg,3944196,37157.5,0.94
IMG001099.jpeg,499153,25155.0,5.04
IMG001100.jpeg,5113744,284065.5,5.55
IMG001101.jpeg,4205630,136983.0,3.26
IMG001102.jpeg,8949072,292615.0,3.27
IMG001103.jpeg,7351878,290070.5,3.95
IMG001104.jpeg,8305924,215042.5,2.59
IMG001105.jpeg,8702500,37348.5,0.43
IMG001106.jpeg,8655364,89701.5,1.04
IMG001107.jpeg,8065600,149637.5,1.86
IMG001108.jpeg,6119586,16035.0,0.26
IMG001109.jpeg,6355930,19068.5,0.3
IMG001110.jpeg,3711888,32635.0,0.88
IMG001111.jpeg,4385016,1537.0,0.04
IMG001112.jpeg,2123664,16170.5,0.76
IMG001113.jpeg,2974504,15566.5,0.52
IMG001114.jpeg,3041536,3924.0,0.13
IMG001115.jpeg,4260096,2478.5,0.06
IMG001116.jpeg,6394538,40436.0,0.63
IMG001117.jpeg,4493510,10634.5,0.24
IMG001118.jpeg,2677860,10091.5,0.38
IMG001119.jpeg,8678916,240961.0,2.78
IMG001120.jpeg,8678916,64004.0,0.74
IMG001121.jpeg,3802470,8384.5,0.22
IMG001122.jpeg,8652096,13101.5,0.15
IMG001123.jpeg,6775426,59953.5,0.88
IMG001124.jpeg,1043766,1245.0,0.12
IMG001125.jpeg,1089968,556.0,0.05
IMG001126.jpeg,2385424,7608.0,0.32
IMG001127.jpeg,2380800,6314.0,0.27
IMG001128.jpeg,8346321,52534.0,0.63
IMG001129.jpeg,8288641,63269.0,0.76
IMG001130.jpeg,3704610,2441.0,0.07
IMG001131.jpeg,3125416,319630.5,10.23
IMG001132.jpeg,2897576,185076.5,6.39
IMG001133.jpeg,7851204,10004.0,0.13
IMG001134.jpeg,3122008,33025.5,1.06
IMG001135.jpeg,2609600,32950.5,1.26
IMG001136.jpeg,4112768,3007.0,0.07
IMG001137.jpeg,1223092,5236.0,0.43
IMG001138.jpeg,1271236,11740.5,0.92
IMG001139.jpeg,5125696,4876.0,0.1
IMG001140.jpeg,3802470,4515.0,0.12
IMG001141.jpeg,3140220,235.0,0.01
IMG001142.jpeg,1968428,118475.5,6.02
IMG001143.jpeg,3653988,269673.0,7.38
IMG001144.jpeg,4210704,407.5,0.01
IMG001145.jpeg,6728922,12854.5,0.19
IMG001146.jpeg,8340544,19311.5,0.23
IMG001147.jpeg,3724880,7351.5,0.2
IMG001148.jpeg,1786668,636.5,0.04
IMG001149.jpeg,2439844,16905.0,0.69
IMG001150.jpeg,2137444,18281.5,0.86
IMG001151.jpeg,6780032,3426.5,0.05
IMG001152.jpeg,4242126,6905.0,0.16
IMG001153.jpeg,3707830,6449.0,0.17
IMG001154.jpeg,2699840,2743.5,0.1
IMG001155.jpeg,8202496,63578.0,0.78
IMG001156.jpeg,8421604,55890.0,0.66
IMG001157.jpeg,4594056,18812.5,0.41
IMG001158.jpeg,4594056,23721.0,0.52
IMG001159.jpeg,6604900,88011.5,1.33
IMG001160.jpeg,2401256,26445.0,1.1
IMG001161.jpeg,2453494,26879.0,1.1
IMG001162.jpeg,2433284,26712.0,1.1
IMG001163.jpeg,4729128,10939.0,0.23
IMG001164.jpeg,4729128,16503.5,0.35
IMG001165.jpeg,2409032,19216.5,0.8
IMG001166.jpeg,5429248,31890.5,0.59
IMG001167.jpeg,4995348,39984.5,0.8
IMG001168.jpeg,368115,3732.5,1.01
IMG001169.jpeg,3705988,1958.5,0.05
IMG001170.jpeg,3629536,2915.5,0.08
IMG001171.jpeg,3629536,2767.0,0.08
IMG001172.jpeg,2347015,175670.0,7.48
IMG001173.jpeg,2353147,188356.0,8.0
IMG001174.jpeg,6782580,169453.0,2.5
IMG001175.jpeg,1645696,3120.5,0.19
IMG001176.jpeg,3703224,4391.5,0.12
IMG001177.jpeg,3700008,819.5,0.02
IMG001178.jpeg,4068288,3872.0,0.1
IMG001179.jpeg,4068288,1478.0,0.04
IMG001180.jpeg,4731790,17193.0,0.36
IMG001181.jpeg,4731790,13420.5,0.28
IMG001182.jpeg,5026564,471339.5,9.38
IMG001183.jpeg,7022500,438454.0,6.24
IMG001184.jpeg,3707830,3802.5,0.1
IMG001185.jpeg,5352480,2591.0,0.05
IMG001186.jpeg,2483040,318259.0,12.82
IMG001187.jpeg,2560416,377081.5,14.73
IMG001188.jpeg,2346624,3836.0,0.16
IMG001189.jpeg,2346624,3760.5,0.16
IMG001190.jpeg,5207524,265517.0,5.1
IMG001191.jpeg,5253264,133144.5,2.53
IMG001192.jpeg,3885358,54670.0,1.41
IMG001193.jpeg,3885358,38908.0,1.0
IMG001194.jpeg,2349312,63489.5,2.7
IMG001195.jpeg,2349312,42548.0,1.81
IMG001196.jpeg,3700008,533811.0,14.43
IMG001197.jpeg,3700008,502985.5,13.59
IMG001198.jpeg,3700008,384424.0,10.39
IMG001199.jpeg,3700008,323058.5,8.73
IMG001200.jpeg,3540160,1660.0,0.05
IMG001201.jpeg,8749764,536583.0,6.13
IMG001202.jpeg,2349312,2009.0,0.09
IMG001203.jpeg,4112768,49020.0,1.19
IMG001204.jpeg,3707830,256252.0,6.91
IMG001205.jpeg,3707830,191161.5,5.16
IMG001206.jpeg,2558586,2187.0,0.09
IMG001207.jpeg,2396160,185778.5,7.75
IMG001208.jpeg,2111472,142580.5,6.75
IMG001209.jpeg,1756704,122708.5,6.99
IMG001210.jpeg,1778880,109674.5,6.17
IMG001211.jpeg,1122368,29047.5,2.59
IMG001212.jpeg,1207983,34299.0,2.84
IMG001213.jpeg,3802470,7728.5,0.2
IMG001214.jpeg,2544630,19866.5,0.78
IMG001215.jpeg,6708992,346400.5,5.16
IMG001216.jpeg,4673210,371757.5,7.96
IMG001217.jpeg,4075240,1878.5,0.05
IMG001218.jpeg,4075240,4522.0,0.11
IMG001219.jpeg,3966386,4247.5,0.11
IMG001220.jpeg,6593406,695419.5,10.55
IMG001221.jpeg,3709656,230556.5,6.22
IMG001222.jpeg,3709656,246256.5,6.64
IMG001223.jpeg,3272376,2009.5,0.06
IMG001224.jpeg,4031808,2198.5,0.05
IMG001225.jpeg,8940100,20213.0,0.23
IMG001226.jpeg,3730232,3160.5,0.08
IMG001227.jpeg,3390016,721.0,0.02
IMG001228.jpeg,8485569,344711.5,4.06
IMG001229.jpeg,6411024,260231.0,4.06
IMG001230.jpeg,5866084,311268.5,5.31
IMG001231.jpeg,3653980,3283.0,0.09
IMG001232.jpeg,1588122,1025.0,0.06
IMG001233.jpeg,4164810,5841.0,0.14
IMG001234.jpeg,4164810,116915.5,2.81
IMG001235.jpeg,3914190,54159.5,1.38
IMG001236.jpeg,3711050,87016.5,2.34
IMG001237.jpeg,3711050,144938.0,3.91
IMG001238.jpeg,3711050,87952.5,2.37
IMG001239.jpeg,3711050,187544.0,5.05
IMG001240.jpeg,3219392,4552.0,0.14
IMG001241.jpeg,3703224,154870.0,4.18
IMG001242.jpeg,3523128,15204.0,0.43
IMG001243.jpeg,1070144,40060.0,3.74
IMG001244.jpeg,1013610,50035.0,4.94
IMG001245.jpeg,2891790,89026.5,3.08
IMG001246.jpeg,3627748,219571.5,6.05
IMG001247.jpeg,5059176,10203.5,0.2
IMG001248.jpeg,5400576,1208.5,0.02
IMG001249.jpeg,3436096,5800.5,0.17
IMG001250.jpeg,5326864,87269.0,1.64
IMG001251.jpeg,1056198,3399.0,0.32
IMG001252.jpeg,3700008,24330.0,0.66
IMG001253.jpeg,3073941,546.0,0.02
IMG001254.jpeg,4257796,1157.0,0.03
IMG001255.jpeg,4088234,4390.5,0.11
IMG001256.jpeg,4149920,3414.0,0.08
IMG001257.jpeg,2080736,2333.0,0.11
IMG001258.jpeg,3794096,5310.5,0.14
IMG001259.jpeg,3962210,805.5,0.02
IMG001260.jpeg,3008568,4034.5,0.13
IMG001261.jpeg,3042246,3073.5,0.1
IMG001262.jpeg,2247672,13523.5,0.6
IMG001263.jpeg,4390420,30713.0,0.7
IMG001264.jpeg,4661826,26089.0,0.56
IMG001265.jpeg,4342224,10046.0,0.23
IMG001266.jpeg,4345152,11749.5,0.27
IMG001267.jpeg,2181697,9747.0,0.45
IMG001268.jpeg,1362471,9599.5,0.7
IMG001269.jpeg,3700008,1849.5,0.05
IMG001270.jpeg,5518510,2069.5,0.04
IMG001271.jpeg,3697220,1742.5,0.05
IMG001272.jpeg,2349312,1428.0,0.06
IMG001273.jpeg,3703224,2598.0,0.07
IMG001274.jpeg,3703224,10705.0,0.29
IMG001275.jpeg,6781310,4785.0,0.07
IMG001276.jpeg,5070998,193926.5,3.82
IMG001277.jpeg,3794096,27405.5,0.72
IMG001278.jpeg,3876620,21494.5,0.55
IMG001279.jpeg,3703224,3270.0,0.09
IMG001280.jpeg,4323270,185783.0,4.3
IMG001281.jpeg,6787828,33243.0,0.49
IMG001282.jpeg,6729008,268834.0,4.0
IMG001283.jpeg,3583233,2138.5,0.06
IMG001284.jpeg,4478310,20932.5,0.47
IMG001285.jpeg,6776064,19148.5,0.28
IMG001286.jpeg,6776064,69933.0,1.03
IMG001287.jpeg,6776064,65760.5,0.97
IMG001288.jpeg,6864026,76449.0,1.11
IMG001289.jpeg,4946292,42899.0,0.87
IMG001290.jpeg,6586580,54849.5,0.83
IMG001291.jpeg,4464416,1274.0,0.03
IMG001292.jpeg,4464416,2098.5,0.05
IMG001293.jpeg,2822214,1167.5,0.04
IMG001294.jpeg,3707830,2921.0,0.08
IMG001295.jpeg,4639392,2730.5,0.06
IMG001296.jpeg,3801710,2118.0,0.06
IMG001297.jpeg,3911530,8931.5,0.23
IMG001298.jpeg,3911530,6996.0,0.18
IMG001299.jpeg,2378717,1131.5,0.05
IMG001300.jpeg,3703224,2022.5,0.05
IMG001301.jpeg,3724880,242759.0,6.52
IMG001302.jpeg,3724880,301053.0,8.08
IMG001303.jpeg,2774720,114776.5,4.14
IMG001304.jpeg,2774720,6446.5,0.23
IMG001305.jpeg,2774720,69046.5,2.49
IMG001306.jpeg,3634624,352542.0,9.7
IMG001307.jpeg,2774720,23530.5,0.85
IMG001308.jpeg,5605110,12245.0,0.22
IMG001309.jpeg,6776064,12503.0,0.18
IMG001310.jpeg,4623252,2333.0,0.05
IMG001311.jpeg,6781310,4524.0,0.07
IMG001312.jpeg,4527020,942.5,0.02
IMG001313.jpeg,4199790,18335.5,0.44
IMG001314.jpeg,6096838,17608.0,0.29
IMG001315.jpeg,2547280,34778.0,1.37
IMG001316.jpeg,2640768,2429.0,0.09
IMG001317.jpeg,2560030,2155.0,0.08
IMG001318.jpeg,3703224,4797.0,0.13
IMG001319.jpeg,3703224,5289.5,0.14
IMG001320.jpeg,2980800,3092.5,0.1
IMG001321.jpeg,2980800,2388.0,0.08
IMG001322.jpeg,6769542,372.0,0.01
IMG001323.jpeg,4723246,16274.0,0.34
IMG001324.jpeg,3704610,3276.0,0.09
IMG001325.jpeg,3911530,5174.5,0.13
IMG001326.jpeg,3911530,4552.0,0.12
IMG001327.jpeg,3656562,3163.5,0.09
IMG001328.jpeg,2900310,6775.5,0.23
IMG001329.jpeg,2773890,9284.0,0.33
IMG001330.jpeg,5961714,5116.5,0.09
IMG001331.jpeg,2255436,4403.5,0.2
IMG001332.jpeg,2075567,6691.0,0.32
IMG001333.jpeg,5392200,5840.0,0.11
IMG001334.jpeg,5359232,9354.0,0.17
IMG001335.jpeg,6125980,6860.0,0.11
IMG001336.jpeg,6781310,5403.0,0.08
IMG001337.jpeg,2318087,1460.0,0.06
IMG001338.jpeg,2977856,608.0,0.02
IMG001339.jpeg,3796752,4753.5,0.13
IMG001340.jpeg,3796752,4041.5,0.11
IMG001341.jpeg,3703224,1867.0,0.05
IMG001342.jpeg,3703224,8741.0,0.24
IMG001343.jpeg,6781310,1463.5,0.02
IMG001344.jpeg,3707830,5321.5,0.14
IMG001345.jpeg,3711050,748.5,0.02
IMG001346.jpeg,2662720,293547.0,11.02
IMG001347.jpeg,3303528,365183.0,11.05
IMG001348.jpeg,4745160,730681.5,15.4
IMG001349.jpeg,1048576,4194.0,0.4
IMG001350.jpeg,1737024,76964.0,4.43
IMG001351.jpeg,1285958,97867.5,7.61
IMG001352.jpeg,780288,14210.0,1.82
IMG001353.jpeg,347490,7153.0,2.06
IMG001354.jpeg,1112958,90001.0,8.09
IMG001355.jpeg,1518728,64675.0,4.26
IMG001356.jpeg,6774400,14168.0,0.21
IMG001357.jpeg,4500957,279455.5,6.21
IMG001358.jpeg,6774400,63466.0,0.94
IMG001359.jpeg,6774400,55286.5,0.82
IMG001360.jpeg,11087280,987058.5,8.9
IMG001361.jpeg,4485492,44994.5,1.0
IMG001362.jpeg,5631608,61807.5,1.1
IMG001363.jpeg,6624896,88343.5,1.33
IMG001364.jpeg,6624896,96736.0,1.46
IMG001365.jpeg,1127000,20851.0,1.85
IMG001366.jpeg,9039440,126167.5,1.4
IMG001367.jpeg,5878800,103707.5,1.76
IMG001368.jpeg,1504230,4836.0,0.32
IMG001369.jpeg,949533,25132.0,2.65
IMG001370.jpeg,1396560,17575.0,1.26
IMG001371.jpeg,3599360,57576.0,1.6
IMG001372.jpeg,555770,4521.5,0.81
IMG001373.jpeg,664576,51872.0,7.81
IMG001374.jpeg,234630,957.0,0.41
IMG001375.jpeg,4218736,242022.5,5.74
IMG001376.jpeg,1860396,322704.5,17.35
IMG001377.jpeg,2204264,228900.5,10.38
IMG001378.jpeg,4128072,236932.5,5.74
IMG001379.jpeg,3039834,39922.0,1.31
IMG001380.jpeg,2570400,137427.0,5.35
IMG001381.jpeg,4357696,169131.0,3.88
IMG001382.jpeg,751640,28285.5,3.76
IMG001383.jpeg,675894,29072.5,4.3
IMG001384.jpeg,2088423,62060.0,2.97
IMG001385.jpeg,2114921,112752.5,5.33
IMG001386.jpeg,1326533,57092.0,4.3
IMG001387.jpeg,445634,22341.0,5.01
IMG001388.jpeg,262080,6297.5,2.4
IMG001389.jpeg,204120,8773.5,4.3
IMG001390.jpeg,482058,20902.5,4.34
IMG001391.jpeg,1646008,245706.0,14.93
IMG001392.jpeg,6356480,79186.5,1.25
IMG001393.jpeg,2441860,4453.0,0.18
IMG001394.jpeg,7364830,36784.5,0.5
IMG001395.jpeg,200528,18267.0,9.11
IMG001396.jpeg,276330,16779.5,6.07
IMG001397.jpeg,2103136,94575.0,4.5
IMG001398.jpeg,373515,22684.5,6.07
IMG001399.jpeg,466832,37926.0,8.12
IMG001400.jpeg,515205,2015.5,0.39
IMG001401.jpeg,579735,8944.5,1.54
IMG001402.jpeg,7006896,145310.5,2.07
IMG001403.jpeg,1657447,21681.5,1.31
IMG001404.jpeg,2253905,22026.0,0.98
IMG001405.jpeg,2499770,94988.0,3.8
IMG001406.jpeg,7036398,118096.0,1.68
IMG001407.jpeg,210900,4538.0,2.15
IMG001408.jpeg,427800,45849.0,10.72
IMG001409.jpeg,309608,52079.0,16.82
IMG001410.jpeg,2560000,114489.5,4.47
IMG001411.jpeg,2560000,63460.0,2.48
IMG001412.jpeg,2560000,60954.0,2.38
IMG001413.jpeg,2415952,4245.0,0.18
IMG001414.jpeg,5120000,55119.0,1.08
IMG001415.jpeg,5120000,163398.5,3.19
IMG001416.jpeg,2328060,196897.5,8.46
IMG001417.jpeg,258850,8446.0,3.26
IMG001418.jpeg,330150,8821.0,2.67
IMG001419.jpeg,2560000,54012.0,2.11
IMG001420.jpeg,2560000,62684.5,2.45
IMG001421.jpeg,580920,7294.5,1.26
IMG001422.jpeg,4194304,18757.5,0.45
IMG001423.jpeg,4194304,49731.5,1.19
IMG001424.jpeg,489310,42291.0,8.64
IMG001425.jpeg,3432000,41282.0,1.2
IMG001426.jpeg,2464480,9305.0,0.38
IMG001427.jpeg,1834053,8602.5,0.47
IMG001428.jpeg,6807950,31702.0,0.47
IMG001429.jpeg,9458156,48030.0,0.51
IMG001430.jpeg,3509892,172237.5,4.91
IMG001431.jpeg,3158516,165263.5,5.23
IMG001432.jpeg,2560000,19940.0,0.78
IMG001433.jpeg,1630200,40844.0,2.51
IMG001434.jpeg,1630200,33665.5,2.07
IMG001435.jpeg,2430388,134084.5,5.52
IMG001436.jpeg,2106706,129167.5,6.13
IMG001437.jpeg,4845420,616278.0,12.72
IMG001438.jpeg,4845420,874403.0,18.05
IMG001439.jpeg,1228200,67583.0,5.5
IMG001440.jpeg,435461,30610.5,7.03
IMG001441.jpeg,358271,19706.5,5.5
IMG001442.jpeg,653484,29619.0,4.53
IMG001443.jpeg,698796,27218.0,3.89
IMG001444.jpeg,527820,45045.5,8.53
IMG001445.jpeg,907758,14894.0,1.64
IMG001446.jpeg,14783040,233645.0,1.58
IMG001447.jpeg,14783040,178623.5,1.21
IMG001448.jpeg,538038,3882.0,0.72
IMG001449.jpeg,11019470,91775.0,0.83
IMG001450.jpeg,13897600,252031.0,1.81
IMG001451.jpeg,12669112,237950.0,1.88
IMG001452.jpeg,11764000,269937.5,2.29
IMG001453.jpeg,1864242,33188.0,1.78
IMG001454.jpeg,5193244,62631.0,1.21
IMG001455.jpeg,9827829,160951.5,1.64
IMG001456.jpeg,7280640,56885.5,0.78
IMG001457.jpeg,6951936,36335.5,0.52
IMG001458.jpeg,2698542,195072.5,7.23
IMG001459.jpeg,3539139,269669.0,7.62
IMG001460.jpeg,4387128,109126.5,2.49
IMG001461.jpeg,5549136,76958.0,1.39
IMG001462.jpeg,1624228,116260.0,7.16
IMG001463.jpeg,2441082,116961.0,4.79
IMG001464.jpeg,5072960,182976.5,3.61
IMG001465.jpeg,5290936,357642.0,6.76
IMG001466.jpeg,6062355,65362.5,1.08
IMG001467.jpeg,597980,1724.5,0.29
IMG001468.jpeg,2079583,26412.0,1.27
IMG001469.jpeg,6563808,32017.5,0.49
IMG001470.jpeg,6563808,41712.5,0.64
IMG001471.jpeg,4549440,213082.5,4.68
IMG001472.jpeg,4793860,321774.0,6.71
IMG001473.jpeg,7368480,90715.0,1.23
IMG001474.jpeg,2560000,119571.0,4.67
IMG001475.jpeg,2560000,132884.5,5.19
IMG001476.jpeg,2981776,21744.0,0.73
IMG001477.jpeg,2671550,355859.0,13.32
IMG001478.jpeg,2694612,380307.5,14.11
IMG001479.jpeg,700340,11176.5,1.6
IMG001480.jpeg,442035,19350.5,4.38
IMG001481.jpeg,440325,24881.5,5.65
IMG001482.jpeg,488448,86455.5,17.7
IMG001483.jpeg,3195150,43781.5,1.37
IMG001484.jpeg,520884,14357.0,2.76
IMG001485.jpeg,227417,10632.5,4.68
IMG001486.jpeg,444982,52878.0,11.88
IMG001487.jpeg,294840,43613.5,14.79
IMG001488.jpeg,2249940,20633.5,0.92
IMG001489.jpeg,1476939,38349.0,2.6
IMG001490.jpeg,1432950,30001.0,2.09
IMG001491.jpeg,1443560,26102.0,1.81
IMG001492.jpeg,3087136,12776.5,0.41
IMG001493.jpeg,794124,25500.0,3.21
IMG001494.jpeg,878620,22257.5,2.53
IMG001495.jpeg,7709525,43999.0,0.57
IMG001496.jpeg,6589530,103092.0,1.56
IMG001497.jpeg,5746692,104492.5,1.82
IMG001498.jpeg,2600181,112749.0,4.34
IMG001499.jpeg,1876368,36969.5,1.97
IMG001500.jpeg,2302344,43989.5,1.91
IMG001501.jpeg,1668732,31279.0,1.87
IMG001502.jpeg,342300,2689.0,0.79
IMG001503.jpeg,4845420,43336.5,0.89
IMG001504.jpeg,509151,93327.5,18.33
IMG001505.jpeg,272413,30979.5,11.37
IMG001506.jpeg,159360,2938.0,1.84
IMG001507.jpeg,119250,1848.0,1.55
IMG001508.jpeg,5404170,110742.5,2.05
IMG001509.jpeg,5742492,217299.5,3.78
IMG001510.jpeg,982720,37384.5,3.8
IMG001511.jpeg,1000725,63808.0,6.38
IMG001512.jpeg,1518335,82868.5,5.46
IMG001513.jpeg,1486807,39584.5,2.66
IMG001514.jpeg,4325680,477746.5,11.04
IMG001515.jpeg,1363072,95305.0,6.99
IMG001516.jpeg,3297510,407318.0,12.35
IMG001517.jpeg,719616,116150.0,16.14
IMG001518.jpeg,5170230,27381.5,0.53
IMG001519.jpeg,9102189,14593.5,0.16
IMG001520.jpeg,407683,2234.0,0.55
IMG001521.jpeg,1897312,69641.0,3.67
IMG001522.jpeg,952929,8654.5,0.91
IMG001523.jpeg,1991808,10506.5,0.53
IMG001524.jpeg,859313,20312.5,2.36
IMG001525.jpeg,668229,34772.0,5.2
IMG001526.jpeg,496671,32727.5,6.59
IMG001527.jpeg,7286069,1073626.5,14.74
IMG001528.jpeg,10971360,731248.0,6.67
IMG001529.jpeg,2482927,537544.5,21.65
IMG001530.jpeg,2497046,431280.5,17.27
IMG001531.jpeg,527516,11979.0,2.27
IMG001532.jpeg,737250,162165.0,22.0
IMG001533.jpeg,714641,117017.5,16.37
IMG001534.jpeg,1860768,45255.5,2.43
IMG001535.jpeg,1745568,32425.0,1.86
IMG001536.jpeg,2052266,51322.5,2.5
IMG001537.jpeg,1595980,50600.0,3.17
IMG001538.jpeg,1644960,55487.0,3.37
IMG001539.jpeg,1644960,31003.5,1.88
IMG001540.jpeg,2192070,38147.5,1.74
IMG001541.jpeg,2192070,32604.0,1.49
IMG001542.jpeg,1314156,24095.0,1.83
IMG001543.jpeg,403520,2461.5,0.61
IMG001544.jpeg,416702,3858.5,0.93
IMG001545.jpeg,1796478,114235.5,6.36
IMG001546.jpeg,1459376,71759.5,4.92
IMG001547.jpeg,2585952,187882.5,7.27
IMG001548.jpeg,3633780,75983.5,2.09
IMG001549.jpeg,1952338,35137.0,1.8
IMG001550.jpeg,1548857,40082.0,2.59
IMG001551.jpeg,553984,85352.0,15.41
IMG001552.jpeg,5046480,134933.5,2.67
IMG001553.jpeg,4797024,180677.0,3.77
IMG001554.jpeg,5250480,155395.0,2.96
IMG001555.jpeg,5674068,992004.0,17.48
IMG001556.jpeg,6048325,822495.0,13.6
IMG001557.jpeg,5094333,25164.0,0.49
IMG001558.jpeg,2532762,199602.5,7.88
IMG001559.jpeg,2765308,194085.0,7.02
IMG001560.jpeg,9980928,1300904.0,13.03
IMG001561.jpeg,1443078,66712.0,4.62
IMG001562.jpeg,1587800,82230.0,5.18
IMG001563.jpeg,379671,39848.5,10.5
IMG001564.jpeg,782686,115324.5,14.73
IMG001565.jpeg,365274,54577.5,14.94
IMG001566.jpeg,1076775,25704.5,2.39
IMG001567.jpeg,1053335,20548.0,1.95
IMG001568.jpeg,3114176,9880.5,0.32
IMG001569.jpeg,487930,2109.5,0.43
IMG001570.jpeg,487600,2539.5,0.52
IMG001571.jpeg,589743,2389.5,0.41
IMG001572.jpeg,730620,3373.5,0.46
IMG001573.jpeg,2933922,50019.0,1.7
IMG001574.jpeg,3338322,61348.0,1.84
IMG001575.jpeg,7546880,163913.0,2.17
IMG001576.jpeg,3934724,197711.0,5.02
IMG001577.jpeg,6681600,156440.5,2.34
IMG001578.jpeg,3540420,59051.0,1.67
IMG001579.jpeg,3417988,27116.0,0.79
IMG001580.jpeg,538193,32883.5,6.11
IMG001581.jpeg,1647597,40584.5,2.46
IMG001582.jpeg,5532725,60998.0,1.1
IMG001583.jpeg,6164480,79075.0,1.28
IMG001584.jpeg,915084,7066.0,0.77
IMG001585.jpeg,801025,14686.5,1.83
IMG001586.jpeg,909898,12064.5,1.33
IMG001587.jpeg,424116,7496.0,1.77
IMG001588.jpeg,675635,1624.5,0.24
IMG001589.jpeg,6406008,21703.0,0.34
IMG001590.jpeg,5363840,700124.0,13.05
IMG001591.jpeg,5825272,542217.0,9.31
IMG001592.jpeg,6114512,1088505.0,17.8
IMG001593.jpeg,4340797,56721.5,1.31
IMG001594.jpeg,4124960,56533.5,1.37
IMG001595.jpeg,291875,9326.0,3.2
IMG001596.jpeg,622920,14366.5,2.31
IMG001597.jpeg,1385370,70178.5,5.07
IMG001598.jpeg,877482,78114.0,8.9
IMG001599.jpeg,1189836,49584.0,4.17
IMG001600.jpeg,1003932,56704.0,5.65
IMG001601.jpeg,3911901,62595.5,1.6
IMG001602.jpeg,423150,9164.0,2.17
IMG001603.jpeg,477481,12251.5,2.57
IMG001604.jpeg,420180,16240.0,3.87
IMG001605.jpeg,164430,3721.0,2.26
IMG001606.jpeg,381956,16750.0,4.39
IMG001607.jpeg,2694504,19318.5,0.72
IMG001608.jpeg,1219074,37264.0,3.06
IMG001609.jpeg,983502,28107.0,2.86
IMG001610.jpeg,5856264,48260.0,0.82
IMG001611.jpeg,5590760,48937.0,0.88
IMG001612.jpeg,136799,2726.0,1.99
IMG001613.jpeg,1841700,89024.5,4.83
IMG001614.jpeg,671725,39427.5,5.87
IMG001615.jpeg,1286418,83048.0,6.46
IMG001616.jpeg,848170,27902.0,3.29
IMG001617.jpeg,4015154,101530.5,2.53
IMG001618.jpeg,4540408,68154.5,1.5
IMG001619.jpeg,4710266,24776.0,0.53
IMG001620.jpeg,2452256,17062.0,0.7
IMG001621.jpeg,428911,26321.0,6.14
IMG001622.jpeg,549152,3941.0,0.72
IMG001623.jpeg,675831,14920.5,2.21
IMG001624.jpeg,2256004,27202.5,1.21
IMG001625.jpeg,1637820,72400.5,4.42
IMG001626.jpeg,187616,10041.5,5.35
IMG001627.jpeg,669196,79524.0,11.88
IMG001628.jpeg,686250,13509.0,1.97
IMG001629.jpeg,618750,13467.0,2.18
IMG001630.jpeg,1336800,52327.5,3.91
IMG001631.jpeg,1402551,51333.0,3.66
IMG001632.jpeg,1682640,38314.5,2.28
IMG001633.jpeg,1837784,21366.0,1.16
IMG001634.jpeg,6520100,199269.0,3.06
IMG001635.jpeg,5598772,62079.5,1.11
IMG001636.jpeg,631536,13509.5,2.14
IMG001637.jpeg,631536,15053.0,2.38
IMG001638.jpeg,694254,7621.0,1.1
IMG001639.jpeg,713385,9388.5,1.32
IMG001640.jpeg,865634,13075.0,1.51
IMG001641.jpeg,1310720,11722.0,0.89
IMG001642.jpeg,903168,195191.5,21.61
IMG001643.jpeg,336960,5002.5,1.48
IMG001644.jpeg,638306,2508.5,0.39
IMG001645.jpeg,621788,1692.0,0.27
IMG001646.jpeg,1197600,75453.5,6.3
IMG001647.jpeg,1184400,30208.5,2.55
IMG001648.jpeg,1088512,1008.0,0.09
IMG001649.jpeg,1184400,30791.0,2.6
IMG001650.jpeg,484608,16601.5,3.43
IMG001651.jpeg,480000,25225.5,5.26
IMG001652.jpeg,480000,38418.0,8.0
IMG001653.jpeg,1315840,3674.0,0.28
IMG001654.jpeg,1315840,2529.0,0.19
IMG001655.jpeg,1048576,14633.0,1.4
IMG001656.jpeg,1048576,4458.0,0.43
IMG001657.jpeg,1037312,21514.5,2.07
IMG001658.jpeg,1089920,20909.5,1.92
IMG001659.jpeg,1131260,17149.5,1.52
IMG001660.jpeg,1304320,7106.0,0.54
IMG001661.jpeg,316776,12943.5,4.09
IMG001662.jpeg,1304320,107696.5,8.26
IMG001663.jpeg,864256,91720.5,10.61
IMG001664.jpeg,1028400,50593.0,4.92
IMG001665.jpeg,1184400,4600.0,0.39
IMG001666.jpeg,276452,11434.5,4.14
IMG001667.jpeg,119985,925.5,0.77
IMG001668.jpeg,104496,975.5,0.93
IMG001669.jpeg,786432,2212.5,0.28
IMG001670.jpeg,868188,4780.0,0.55
IMG001671.jpeg,1002696,4796.0,0.48
IMG001672.jpeg,224940,5471.5,2.43
IMG001673.jpeg,652112,12029.0,1.84
IMG001674.jpeg,414468,43005.5,10.38
IMG001675.jpeg,364506,68110.0,18.69
IMG001676.jpeg,712704,14362.0,2.02
IMG001677.jpeg,773120,18531.5,2.4
IMG001678.jpeg,721920,8022.5,1.11
IMG001679.jpeg,1144800,17797.5,1.55
IMG001680.jpeg,944400,18210.5,1.93
IMG001681.jpeg,545240,16848.0,3.09
IMG001682.jpeg,683088,20497.0,3.0
IMG001683.jpeg,652112,10604.5,1.63
IMG001684.jpeg,1304320,14654.5,1.12
IMG001685.jpeg,1304320,13930.5,1.07
IMG001686.jpeg,908288,64521.5,7.1
IMG001687.jpeg,1210368,84620.0,6.99
IMG001688.jpeg,1210368,69132.5,5.71
IMG001689.jpeg,1335296,1670.5,0.13
IMG001690.jpeg,393179,58984.5,15.0
IMG001691.jpeg,379476,69235.0,18.24
IMG001692.jpeg,1321984,62164.5,4.7
IMG001693.jpeg,1321984,100170.0,7.58
IMG001694.jpeg,529137,14541.5,2.75
IMG001695.jpeg,1143600,199566.5,17.45
IMG001696.jpeg,860160,52337.0,6.08
IMG001697.jpeg,1180800,3583.0,0.3
IMG001698.jpeg,1087536,17157.5,1.58
IMG001699.jpeg,943104,14119.0,1.5
IMG001700.jpeg,993600,29476.5,2.97
IMG001701.jpeg,650845,33394.5,5.13
IMG001702.jpeg,1314816,139161.0,10.58
IMG001703.jpeg,1312248,101470.0,7.73
IMG001704.jpeg,1340416,8247.5,0.62
IMG001705.jpeg,1340416,15100.5,1.13
IMG001706.jpeg,468000,64040.0,13.68
IMG001707.jpeg,432000,19122.0,4.43
IMG001708.jpeg,835848,17944.0,2.15
IMG001709.jpeg,1208400,6927.0,0.57
IMG001710.jpeg,1208400,3076.5,0.25
IMG001711.jpeg,400007,64993.0,16.25
IMG001712.jpeg,424800,63847.5,15.03
IMG001713.jpeg,330368,22499.5,6.81
IMG001714.jpeg,352272,20516.5,5.82
IMG001715.jpeg,349440,22431.5,6.42
IMG001716.jpeg,862208,24085.0,2.79
IMG001717.jpeg,991500,78433.0,7.91
IMG001718.jpeg,1333500,122508.5,9.19
IMG001719.jpeg,673728,1463.5,0.22
IMG001720.jpeg,135744,1851.0,1.36
IMG001721.jpeg,1458000,5837.0,0.4
IMG001722.jpeg,921600,2660.0,0.29
IMG001723.jpeg,762320,9410.0,1.23
IMG001724.jpeg,1233000,10867.5,0.88
IMG001725.jpeg,369199,7191.5,1.95
IMG001726.jpeg,176102,2044.5,1.16
IMG001727.jpeg,176102,3228.0,1.83
IMG001728.jpeg,267841,9431.0,3.52
IMG001729.jpeg,1326080,955.0,0.07
IMG001730.jpeg,836635,1787.5,0.21
IMG001731.jpeg,341515,6720.5,1.97
IMG001732.jpeg,835584,14154.0,1.69
IMG001733.jpeg,547074,4916.5,0.9
IMG001734.jpeg,1106250,1911.0,0.17
IMG001735.jpeg,544236,17584.5,3.23
IMG001736.jpeg,452790,17434.5,3.85
IMG001737.jpeg,1072800,47767.0,4.45
IMG001738.jpeg,855600,36913.5,4.31
IMG001739.jpeg,262775,15578.5,5.93
IMG001740.jpeg,438600,2155.5,0.49
IMG001741.jpeg,438600,768.0,0.18
IMG001742.jpeg,1342464,14195.0,1.06
IMG001743.jpeg,118938,538.0,0.45
IMG001744.jpeg,1277952,21170.5,1.66
IMG001745.jpeg,773120,11410.5,1.48
IMG001746.jpeg,773120,14674.5,1.9
IMG001747.jpeg,1189888,9473.0,0.8
IMG001748.jpeg,1189888,4723.0,0.4
IMG001749.jpeg,1030144,6833.0,0.66
IMG001750.jpeg,1256448,14193.5,1.13
IMG001751.jpeg,132561,629.0,0.47
IMG001752.jpeg,646800,1314.5,0.2
IMG001753.jpeg,723600,1997.0,0.28
IMG001754.jpeg,1304320,1191.5,0.09
IMG001755.jpeg,1304320,1191.0,0.09
IMG001756.jpeg,1252352,2758.5,0.22
IMG001757.jpeg,603464,2219.0,0.37
IMG001758.jpeg,1128000,37544.5,3.33
IMG001759.jpeg,1340416,1833.5,0.14
IMG001760.jpeg,220672,4287.0,1.94
IMG001761.jpeg,187904,8788.0,4.68
IMG001762.jpeg,1200000,38839.5,3.24
IMG001763.jpeg,699600,14834.5,2.12
IMG001764.jpeg,871424,3214.5,0.37
IMG001765.jpeg,541006,4429.0,0.82
IMG001766.jpeg,547074,5159.0,0.94
IMG001767.jpeg,436077,12726.5,2.92
IMG001768.jpeg,839175,4467.5,0.53
IMG001769.jpeg,1342464,6059.0,0.45
IMG001770.jpeg,1316864,85880.5,6.52
IMG001771.jpeg,1316864,78400.5,5.95
IMG001772.jpeg,442368,30609.5,6.92
IMG001773.jpeg,442368,28108.0,6.35
IMG001774.jpeg,1251328,15425.5,1.23
IMG001775.jpeg,1251328,22378.5,1.79
IMG001776.jpeg,1184400,179.5,0.02
IMG001777.jpeg,1184400,2066.0,0.17
IMG001778.jpeg,1341440,2968.5,0.22
IMG001779.jpeg,1198344,4402.0,0.37
IMG001780.jpeg,1198344,4403.0,0.37
IMG001781.jpeg,868352,3222.0,0.37
IMG001782.jpeg,431480,15097.0,3.5
IMG001783.jpeg,801792,3131.5,0.39
IMG001784.jpeg,569088,713.0,0.13
IMG001785.jpeg,459774,12509.0,2.72
IMG001786.jpeg,550108,520.0,0.09
IMG001787.jpeg,861184,3682.5,0.43
IMG001788.jpeg,1219584,11659.5,0.96
IMG001789.jpeg,1106250,1806.5,0.16
IMG001790.jpeg,997080,373.5,0.04
IMG001791.jpeg,774144,9213.5,1.19
IMG001792.jpeg,1462272,45582.0,3.12
IMG001793.jpeg,1446912,75822.5,5.24
IMG001794.jpeg,217280,405.0,0.19
IMG001795.jpeg,377500,38255.0,10.13
IMG001796.jpeg,971776,120840.0,12.43
IMG001797.jpeg,794250,37372.5,4.71
IMG001798.jpeg,1335296,1356.0,0.1
IMG001799.jpeg,1458000,5992.0,0.41
IMG001800.jpeg,1314816,24222.5,1.84
IMG001801.jpeg,230112,7233.5,3.14
IMG001802.jpeg,345092,6819.5,1.98
IMG001803.jpeg,537264,2390.5,0.44
IMG001804.jpeg,1335296,4208.5,0.32
IMG001805.jpeg,862208,7266.0,0.84
IMG001806.jpeg,1196400,21741.5,1.82
IMG001807.jpeg,599040,4962.0,0.83
IMG001808.jpeg,602112,5385.5,0.89
IMG001809.jpeg,521424,3370.0,0.65
IMG001810.jpeg,877568,48424.0,5.52
IMG001811.jpeg,999424,46536.0,4.66
IMG001812.jpeg,1338368,4297.0,0.32
IMG001813.jpeg,485212,9408.5,1.94
IMG001814.jpeg,1028400,69569.0,6.76
IMG001815.jpeg,1028400,47552.0,4.62
IMG001816.jpeg,1196032,36460.5,3.05
IMG001817.jpeg,1196032,28184.5,2.36
IMG001818.jpeg,1341440,9295.0,0.69
IMG001819.jpeg,1341440,10379.5,0.77
IMG001820.jpeg,1087680,7491.5,0.69
IMG001821.jpeg,923648,32671.5,3.54
IMG001822.jpeg,1072384,12542.0,1.17
IMG001823.jpeg,869440,9845.5,1.13
IMG001824.jpeg,508032,7760.5,1.53
IMG001825.jpeg,902144,9090.0,1.01
IMG001826.jpeg,900096,11041.5,1.23
IMG001827.jpeg,1198344,21734.0,1.81
IMG001828.jpeg,1321984,24837.5,1.88
IMG001829.jpeg,1341440,26405.5,1.97
IMG001830.jpeg,1341440,6785.5,0.51
IMG001831.jpeg,279552,3034.0,1.09
IMG001832.jpeg,261120,6223.0,2.38
IMG001833.jpeg,388469,20298.5,5.23
IMG001834.jpeg,404754,11709.5,2.89
IMG001835.jpeg,1335296,28934.0,2.17
IMG001836.jpeg,921600,2420.5,0.26
IMG001837.jpeg,1048576,8886.5,0.85
IMG001838.jpeg,302544,34128.0,11.28
IMG001839.jpeg,353152,10992.0,3.11
IMG001840.jpeg,646800,21070.5,3.26
IMG001841.jpeg,633600,21776.5,3.44
IMG001842.jpeg,1272832,63917.5,5.02
IMG001843.jpeg,1489500,11650.5,0.78
IMG001844.jpeg,713115,1970.5,0.28
IMG001845.jpeg,566950,14599.5,2.58
IMG001846.jpeg,618936,6957.0,1.12
IMG001847.jpeg,618936,37109.0,6.0
IMG001848.jpeg,537600,10098.0,1.88
IMG001849.jpeg,537600,10143.5,1.89
IMG001850.jpeg,710400,17309.0,2.44
IMG001851.jpeg,458752,11109.0,2.42
IMG001852.jpeg,484352,6954.0,1.44
IMG001853.jpeg,741120,24201.5,3.27
IMG001854.jpeg,741120,19674.0,2.65
IMG001855.jpeg,539648,8773.5,1.63
IMG001856.jpeg,526336,10923.5,2.08
IMG001857.jpeg,1341440,2805.0,0.21
IMG001858.jpeg,1341440,48594.5,3.62
IMG001859.jpeg,860160,8265.0,0.96
IMG001860.jpeg,759980,7733.0,1.02
IMG001861.jpeg,1206272,78483.5,6.51
IMG001862.jpeg,1206272,40089.5,3.32
IMG001863.jpeg,1206272,24350.5,2.02
IMG001864.jpeg,1206272,43039.0,3.57
IMG001865.jpeg,565950,77177.5,13.64
IMG001866.jpeg,590525,49610.0,8.4
IMG001867.jpeg,400400,53414.5,13.34
